user_id,property_id,score,clicks,favorito,contacto
1,2,0.688,2,0,0
1,9,0.5758,1,0,0
1,10,0.9638,1,1,1
1,11,0.7653,3,0,0
1,12,0.828,4,0,0
1,13,0.425,1,1,0
1,15,0.6434,1,0,0
1,16,0.4,1,0,0
1,18,0.7565,1,1,1
1,19,0.5189,2,0,0
1,20,0.9247,2,0,0
1,23,0.7537,2,1,1
1,24,0.7602,1,1,1
1,28,0.5926,1,1,0
1,33,0.7107,1,1,1
1,35,0.405,1,0,0
1,36,0.6913,1,0,0
1,38,0.6568,1,0,0
1,40,0.8408,2,1,1
1,41,0.6687,1,1,0
1,42,0.7361,3,1,1
1,44,0.475,1,0,0
1,46,0.55,2,0,0
1,47,0.814,4,0,0
1,49,0.555,2,0,0
1,55,0.78,2,1,0
1,57,0.6602,1,0,0
1,59,0.48,1,0,0
1,64,0.4,1,0,0
1,65,0.6563,1,0,0
1,70,0.5543,2,0,0
1,71,0.7166,3,1,1
1,72,0.7216,2,1,1
1,75,0.5945,1,0,0
1,76,0.5374,2,0,0
1,77,0.705,1,1,0
1,79,0.8464,2,0,0
1,80,0.6756,1,1,0
1,81,0.6221,2,0,0
1,86,0.625,1,0,0
1,87,0.48,1,0,0
1,89,0.6837,1,0,0
1,93,0.754,1,1,0
1,96,0.63,1,1,0
1,98,0.48,2,0,0
1,99,0.5906,1,0,0
1,102,0.5548,1,0,0
1,103,0.7338,4,1,0
1,107,0.5603,1,1,0
1,115,0.6406,1,1,0
1,117,0.63,2,0,0
1,119,0.6478,1,1,0
1,121,0.475,2,1,0
1,122,0.4,1,1,0
1,125,0.5917,2,0,0
1,128,0.705,3,1,1
1,131,0.7309,4,1,0
1,135,0.5791,1,0,0
1,137,0.5819,1,0,0
1,138,0.5733,2,1,0
1,139,0.82,4,1,0
1,140,0.7638,3,1,1
1,141,0.55,1,0,0
1,144,0.5121,2,0,0
1,147,0.6719,1,0,0
2,2,0.4598,1,0,0
2,9,0.5382,1,1,0
2,10,0.8022,1,0,0
2,11,0.5324,1,1,0
2,12,0.5916,1,0,0
2,15,0.4326,1,0,0
2,16,0.5,2,0,0
2,18,0.5113,1,0,0
2,19,0.4455,2,0,0
2,20,0.6749,1,0,0
2,22,0.4,2,0,0
2,23,0.5029,1,0,0
2,24,0.514,2,0,0
2,26,0.45,2,0,0
2,28,0.7945,1,1,1
2,30,0.4,2,0,0
2,31,0.4,2,1,0
2,33,0.4769,1,0,0
2,35,0.53,1,0,0
2,36,0.4623,1,1,0
2,38,0.4364,1,0,0
2,40,0.632,2,0,0
2,41,0.4454,1,0,0
2,42,0.5459,2,0,0
2,47,0.6021,1,0,0
2,55,0.6329,1,0,0
2,57,0.5887,1,0,0
2,58,0.4,1,1,0
2,59,0.58,2,0,0
2,65,0.4423,1,0,0
2,71,0.4813,1,0,0
2,72,0.485,2,0,0
2,73,0.45,1,0,0
2,75,0.5394,2,0,0
2,76,0.5029,1,0,0
2,77,0.53,1,1,0
2,79,0.5724,1,0,0
2,80,0.4505,2,0,0
2,81,0.4167,1,0,0
2,86,0.45,2,0,0
2,89,0.4566,1,0,0
2,93,0.5409,2,0,0
2,96,0.59,1,1,0
2,101,0.45,1,0,0
2,102,0.4661,2,0,0
2,103,0.556,1,0,0
2,104,0.45,1,0,0
2,106,0.4,2,0,0
2,115,0.4243,2,1,0
2,117,0.43,1,0,0
2,119,0.5143,1,0,0
2,122,0.5,1,0,0
2,125,0.8001,2,0,0
2,128,0.7101,3,1,0
2,131,0.492,2,0,0
2,138,0.7863,2,1,0
2,139,0.5526,1,0,0
2,140,0.5104,1,1,0
2,144,0.5904,2,0,0
2,147,0.4478,2,0,0
3,2,0.897,3,1,1
3,5,0.425,2,1,0
3,6,0.425,1,1,0
3,9,0.6047,1,0,0
3,10,0.6458,1,1,0
3,11,0.8295,3,1,0
3,12,0.8138,1,0,0
3,15,0.7642,3,1,1
3,17,0.425,1,1,0
3,18,0.8655,3,1,1
3,19,0.5726,1,0,0
3,20,0.6923,2,0,0
3,21,0.425,1,0,0
3,23,0.7352,3,1,1
3,24,0.7108,1,1,0
3,28,0.5709,1,0,0
3,32,0.425,1,0,0
3,33,0.924,2,1,0
3,34,0.425,1,0,0
3,35,0.405,1,0,0
3,36,0.9012,3,1,0
3,38,0.7071,2,1,1
3,39,0.425,2,0,0
3,40,0.8301,2,1,1
3,41,0.7224,4,1,1
3,42,0.8917,2,1,1
3,44,0.475,1,1,0
3,45,0.405,1,0,0
3,46,0.625,1,0,0
3,47,0.646,1,1,0
3,48,0.425,2,0,0
3,49,0.555,1,1,0
3,51,0.425,1,0,0
3,55,0.555,2,0,0
3,56,0.425,1,1,0
3,57,0.6953,2,0,0
3,59,0.405,1,0,0
3,60,0.425,1,0,0
3,61,0.425,2,0,0
3,63,0.425,1,0,0
3,64,0.625,2,1,0
3,65,0.8977,3,1,0
3,70,0.672,2,0,0
3,71,0.7665,3,0,0
3,72,0.7601,4,1,0
3,75,0.625,1,0,0
3,76,0.6343,1,0,0
3,77,0.555,2,0,0
3,79,0.8466,3,0,0
3,80,0.7311,3,0,0
3,81,0.9086,1,0,0
3,82,0.425,1,0,0
3,86,0.475,2,0,0
3,87,0.705,4,1,1
3,89,0.7415,4,1,1
3,91,0.425,1,0,0
3,93,0.8151,3,1,0
3,94,0.425,1,0,0
3,95,0.425,1,0,0
3,96,0.555,1,0,0
3,98,0.555,1,0,0
3,99,0.7184,2,1,0
3,102,0.5226,2,0,0
3,103,0.7893,3,1,1
3,107,0.8297,2,1,1
3,108,0.425,1,1,0
3,110,0.425,1,1,0
3,112,0.425,1,0,0
3,113,0.425,2,0,0
3,115,0.6865,2,1,0
3,117,0.555,1,0,0
3,119,0.7752,3,1,1
3,120,0.425,2,0,0
3,121,0.625,1,0,0
3,125,0.5845,2,0,0
3,128,0.555,2,0,0
3,131,0.8983,2,1,1
3,132,0.425,1,0,0
3,135,0.7036,2,1,0
3,136,0.425,1,0,0
3,137,0.7073,1,1,1
3,138,0.6079,2,1,0
3,139,0.8803,3,0,0
3,140,0.748,2,1,1
3,141,0.475,2,0,0
3,144,0.5639,1,0,0
3,147,0.7265,4,1,0
3,150,0.425,1,0,0
4,2,0.8014,3,1,0
4,5,0.425,1,1,0
4,6,0.425,1,1,0
4,9,0.5761,2,0,0
4,10,0.48,1,0,0
4,11,0.705,2,0,0
4,12,0.78,2,1,1
4,15,0.516,1,0,0
4,16,0.4,1,0,0
4,17,0.5,2,0,0
4,18,0.6651,2,0,0
4,19,0.6893,1,0,0
4,20,0.405,1,0,0
4,23,0.7448,2,1,1
4,24,0.5078,2,0,0
4,28,0.617,1,1,0
4,31,0.428,1,1,0
4,32,0.5,1,1,0
4,33,0.7562,2,1,0
4,35,0.5499,1,0,0
4,36,0.7948,3,1,0
4,38,0.7135,3,1,1
4,39,0.5,2,0,0
4,40,0.78,3,1,0
4,41,0.6897,1,0,0
4,42,0.7058,1,1,0
4,44,0.6648,1,0,0
4,45,0.613,1,0,0
4,46,0.8747,1,1,1
4,47,0.63,2,0,0
4,48,0.425,2,0,0
4,49,0.6976,2,0,0
4,51,0.425,2,0,0
4,55,0.4,1,0,0
4,56,0.5,1,1,0
4,57,0.625,1,0,0
4,59,0.6142,1,0,0
4,61,0.425,1,0,0
4,64,0.7452,3,1,0
4,65,0.6402,1,0,0
4,70,0.6932,1,0,0
4,71,0.5946,1,0,0
4,72,0.5846,1,0,0
4,75,0.625,1,0,0
4,76,0.55,1,0,0
4,77,0.5382,1,1,0
4,79,0.78,3,0,0
4,80,0.6761,2,0,0
4,81,0.7083,1,1,0
4,82,0.425,2,0,0
4,87,0.8173,3,1,0
4,89,0.6599,2,0,0
4,91,0.5,1,0,0
4,93,0.705,3,1,0
4,94,0.425,1,0,0
4,98,0.6378,1,0,0
4,99,0.6209,1,0,0
4,102,0.8422,4,1,0
4,103,0.705,2,1,0
4,104,0.4733,2,0,0
4,106,0.4228,1,0,0
4,107,0.8312,2,0,0
4,109,0.6499,1,0,0
4,112,0.5,2,0,0
4,115,0.7456,1,1,0
4,116,0.5954,2,0,0
4,117,0.7894,2,1,0
4,119,0.63,2,0,0
4,120,0.425,2,0,0
4,121,0.705,2,1,0
4,122,0.4,1,0,0
4,131,0.7161,2,1,0
4,132,0.425,1,0,0
4,135,0.6439,1,1,0
4,136,0.425,1,0,0
4,137,0.6381,1,0,0
4,138,0.4312,1,0,0
4,139,0.7631,1,0,0
4,140,0.7248,1,1,0
4,141,0.7362,3,1,1
4,144,0.5528,2,0,0
4,147,0.6833,1,1,0
5,1,0.7,3,0,0
5,2,0.4145,1,0,0
5,3,0.55,1,1,0
5,4,0.55,1,1,0
5,5,0.55,1,0,0
5,6,0.4,2,0,0
5,8,0.55,1,1,0
5,12,0.43,1,0,0
5,13,0.4,1,0,0
5,14,0.55,1,0,0
5,15,0.5095,1,0,0
5,17,0.55,1,0,0
5,19,0.5989,1,0,0
5,21,0.4,1,1,0
5,23,0.7312,2,1,0
5,24,0.4338,2,0,0
5,25,0.55,1,1,0
5,27,0.4,2,0,0
5,28,0.4514,2,0,0
5,29,0.55,1,0,0
5,32,0.55,1,0,0
5,34,0.4,2,0,0
5,36,0.4085,2,0,0
5,38,0.771,1,0,0
5,39,0.55,1,0,0
5,40,0.43,1,0,0
5,41,0.7494,2,1,0
5,43,0.4,2,1,0
5,44,0.5228,1,0,0
5,46,0.509,2,0,0
5,47,0.58,2,0,0
5,48,0.55,1,0,0
5,49,0.5526,1,0,0
5,51,0.55,1,0,0
5,52,0.4,1,0,0
5,53,0.4,1,0,0
5,54,0.55,1,0,0
5,56,0.55,1,1,0
5,58,0.4,1,0,0
5,60,0.4,2,0,0
5,61,0.55,1,0,0
5,62,0.7,1,1,0
5,63,0.4,1,0,0
5,66,0.55,1,0,0
5,68,0.55,2,0,0
5,70,0.6293,2,0,0
5,71,0.6627,1,1,0
5,72,0.5037,1,1,0
5,73,0.4,1,0,0
5,78,0.55,1,0,0
5,79,0.43,1,0,0
5,80,0.5869,1,0,0
5,82,0.55,1,0,0
5,83,0.55,1,1,0
5,85,0.4,1,0,0
5,87,0.4433,1,0,0
5,88,0.7,1,1,0
5,89,0.7222,1,1,1
5,90,0.55,1,0,0
5,91,0.55,1,0,0
5,92,0.7,1,0,0
5,93,0.43,2,0,0
5,94,0.55,2,0,0
5,95,0.4,1,1,0
5,97,0.7,3,1,0
5,98,0.5665,2,0,0
5,99,0.605,2,0,0
5,100,0.55,1,0,0
5,102,0.6301,1,1,0
5,105,0.7,1,1,1
5,107,0.4901,2,0,0
5,108,0.4,2,0,0
5,109,0.5092,1,0,0
5,110,0.4,1,0,0
5,112,0.55,2,0,0
5,113,0.4,2,0,0
5,114,0.55,2,0,0
5,115,0.6498,1,0,0
5,117,0.7179,3,1,0
5,118,0.7,2,1,0
5,120,0.55,1,0,0
5,121,0.43,2,0,0
5,123,0.7,2,1,0
5,126,0.7,2,0,0
5,127,0.4,2,0,0
5,129,0.7,4,1,1
5,130,0.55,1,0,0
5,131,0.4868,1,1,0
5,132,0.55,1,1,0
5,134,0.4,2,0,0
5,135,0.6259,2,0,0
5,136,0.4,2,0,0
5,137,0.6206,2,1,0
5,139,0.4613,1,0,0
5,140,0.713,3,1,0
5,141,0.6694,1,0,0
5,142,0.55,2,0,0
5,143,0.55,1,0,0
5,145,0.7,3,1,1
5,146,0.7,3,0,0
5,147,0.7435,2,0,0
5,148,0.55,1,0,0
5,149,0.55,2,0,0
5,150,0.4,1,0,0
6,1,0.4,1,0,0
6,2,0.6213,2,1,0
6,3,0.4,2,0,0
6,4,0.4,1,0,0
6,5,0.4,1,0,0
6,6,0.55,2,1,0
6,8,0.55,1,0,0
6,9,0.7805,3,0,0
6,11,0.43,2,1,0
6,12,0.43,2,0,0
6,14,0.4,2,0,0
6,15,0.49,1,1,0
6,17,0.55,2,1,0
6,18,0.5914,1,0,0
6,19,0.597,1,0,0
6,21,0.4,2,0,0
6,23,0.6095,1,1,0
6,24,0.5868,2,0,0
6,25,0.4,1,0,0
6,28,0.4453,2,0,0
6,29,0.4,1,0,0
6,30,0.4,2,1,0
6,32,0.55,2,1,0
6,33,0.6498,1,0,0
6,34,0.4,2,0,0
6,36,0.6255,1,0,0
6,37,0.4,1,0,0
6,38,0.4315,2,0,0
6,39,0.55,1,0,0
6,40,0.43,2,0,0
6,41,0.4467,2,0,0
6,42,0.6175,1,0,0
6,43,0.7,2,1,1
6,44,0.4716,1,0,0
6,45,0.4864,2,0,0
6,46,0.4619,1,0,0
6,47,0.43,1,1,0
6,48,0.4,2,0,0
6,49,0.4926,1,0,0
6,51,0.4,1,0,0
6,52,0.55,2,0,0
6,53,0.4,1,1,0
6,54,0.55,1,0,0
6,56,0.55,1,1,0
6,60,0.4,2,0,0
6,61,0.4,2,0,0
6,62,0.4,1,0,0
6,63,0.4,1,0,0
6,65,0.4735,2,0,0
6,66,0.4,1,0,0
6,68,0.4,2,0,0
6,71,0.4923,1,0,0
6,72,0.6359,1,0,0
6,78,0.4,1,0,0
6,79,0.43,1,1,0
6,80,0.6055,1,0,0
6,81,0.4829,1,0,0
6,82,0.4,2,0,0
6,83,0.55,1,0,0
6,85,0.7,1,0,0
6,88,0.55,1,0,0
6,89,0.4659,1,0,0
6,90,0.55,1,0,0
6,91,0.55,2,1,0
6,92,0.4,2,1,0
6,94,0.4,2,1,0
6,95,0.4,2,0,0
6,97,0.4,1,0,0
6,99,0.4428,2,0,0
6,100,0.55,2,0,0
6,102,0.6971,1,1,0
6,103,0.43,1,0,0
6,105,0.4,1,0,0
6,107,0.4042,1,1,0
6,108,0.4,2,0,0
6,109,0.462,1,0,0
6,110,0.4,1,1,0
6,112,0.55,1,0,0
6,113,0.4,1,1,0
6,114,0.55,2,0,0
6,115,0.561,1,0,0
6,116,0.4751,1,1,0
6,117,0.5033,1,0,0
6,118,0.55,1,0,0
6,120,0.4,2,0,0
6,123,0.4,1,1,0
6,126,0.55,1,0,0
6,127,0.4,1,0,0
6,129,0.4,1,0,0
6,130,0.4,1,0,0
6,131,0.4741,2,0,0
6,132,0.4,1,0,0
6,134,0.55,1,0,0
6,135,0.4281,1,0,0
6,136,0.55,1,0,0
6,137,0.4318,1,0,0
6,138,0.4837,2,0,0
6,139,0.6061,1,1,0
6,140,0.6223,1,0,0
6,141,0.4692,1,0,0
6,142,0.55,1,0,0
6,143,0.4,1,1,0
6,144,0.4383,1,0,0
6,145,0.4,1,1,0
6,146,0.55,1,0,0
6,147,0.4508,1,0,0
6,148,0.4,1,0,0
6,149,0.55,2,0,0
6,150,0.4,2,1,0
7,2,0.4603,1,0,0
7,9,0.4844,1,0,0
7,10,0.7635,2,0,0
7,11,0.5218,2,0,0
7,12,0.6045,2,0,0
7,15,0.4046,1,0,0
7,16,0.55,2,0,0
7,18,0.5039,2,0,0
7,19,0.4482,1,0,0
7,20,0.6654,2,0,0
7,22,0.4,2,0,0
7,23,0.5294,1,0,0
7,24,0.5062,1,0,0
7,26,0.475,1,0,0
7,28,0.6723,2,0,0
7,31,0.4,2,0,0
7,33,0.4747,1,0,0
7,35,0.555,2,1,0
7,36,0.4624,1,0,0
7,38,0.4405,1,0,0
7,40,0.5964,2,0,0
7,41,0.4481,1,0,0
7,42,0.4908,2,0,0
7,46,0.4,1,0,0
7,47,0.6134,1,0,0
7,49,0.405,1,0,0
7,55,0.7545,3,1,0
7,57,0.5885,1,0,0
7,59,0.63,1,0,0
7,65,0.4128,1,0,0
7,71,0.4785,1,0,0
7,72,0.4816,1,0,0
7,75,0.6197,1,0,0
7,76,0.5439,1,0,0
7,77,0.555,1,0,0
7,79,0.5883,1,0,0
7,80,0.4524,2,0,0
7,86,0.475,1,1,0
7,89,0.4576,1,0,0
7,93,0.5289,2,0,0
7,96,0.6529,2,1,0
7,101,0.475,1,0,0
7,102,0.4983,2,1,0
7,103,0.5418,1,1,0
7,104,0.475,2,0,0
7,106,0.55,1,0,0
7,115,0.4302,2,0,0
7,117,0.48,2,0,0
7,119,0.4738,2,1,0
7,122,0.55,1,0,0
7,125,0.6444,2,1,0
7,128,0.7449,3,1,0
7,131,0.4875,1,1,0
7,138,0.6327,1,0,0
7,139,0.5715,1,1,0
7,140,0.5358,1,0,0
7,141,0.4,1,0,0
7,144,0.5939,2,1,0
7,147,0.4501,1,0,0
8,1,0.55,1,0,0
8,2,0.5574,1,0,0
8,3,0.55,2,0,0
8,4,0.55,1,1,0
8,5,0.4,1,0,0
8,6,0.55,1,0,0
8,8,0.4,1,0,0
8,9,0.4876,1,0,0
8,11,0.43,1,0,0
8,12,0.43,1,0,0
8,14,0.55,1,0,0
8,15,0.5013,1,1,0
8,17,0.55,2,0,0
8,18,0.431,2,0,0
8,19,0.4425,1,0,0
8,21,0.4,2,0,0
8,23,0.7244,2,1,0
8,24,0.5743,2,1,0
8,25,0.55,1,0,0
8,28,0.445,1,0,0
8,29,0.55,2,1,0
8,30,0.4,1,0,0
8,32,0.55,1,0,0
8,33,0.5155,1,0,0
8,34,0.4,1,1,0
8,35,0.4084,2,0,0
8,36,0.5513,1,1,0
8,37,0.4,1,0,0
8,38,0.6149,1,0,0
8,39,0.55,2,0,0
8,40,0.43,2,0,0
8,41,0.5929,2,0,0
8,42,0.4687,1,0,0
8,43,0.55,2,0,0
8,44,0.676,1,0,0
8,46,0.5119,1,0,0
8,47,0.58,1,0,0
8,48,0.4,2,0,0
8,49,0.7063,3,1,0
8,51,0.4,2,0,0
8,52,0.4,2,0,0
8,53,0.4,2,1,0
8,54,0.7,2,1,1
8,56,0.55,1,0,0
8,60,0.4,1,1,0
8,61,0.4,1,0,0
8,62,0.55,1,0,0
8,63,0.4,1,1,0
8,66,0.55,2,0,0
8,68,0.55,1,0,0
8,70,0.6344,2,1,0
8,71,0.5046,1,0,0
8,72,0.6454,2,0,0
8,78,0.55,2,0,0
8,79,0.43,1,0,0
8,80,0.7302,4,1,0
8,82,0.4,2,1,0
8,83,0.7,1,1,0
8,85,0.55,2,0,0
8,87,0.4478,1,0,0
8,88,0.7,4,1,1
8,89,0.5652,1,0,0
8,90,0.4,2,0,0
8,91,0.55,1,0,0
8,92,0.55,1,1,0
8,94,0.4,1,0,0
8,95,0.4,1,1,0
8,97,0.55,2,0,0
8,98,0.5704,1,0,0
8,99,0.5986,1,0,0
8,100,0.7,4,1,0
8,102,0.6353,2,1,0
8,103,0.43,1,0,0
8,105,0.55,2,1,0
8,107,0.4955,1,0,0
8,108,0.4,1,0,0
8,110,0.4,2,1,0
8,112,0.55,1,0,0
8,113,0.4,1,0,0
8,114,0.7,4,0,0
8,115,0.7946,3,1,1
8,117,0.7219,2,0,0
8,118,0.7,2,1,0
8,120,0.4,1,1,0
8,123,0.55,2,0,0
8,126,0.7,1,1,1
8,127,0.4,1,0,0
8,129,0.55,1,0,0
8,130,0.55,2,0,0
8,132,0.4,1,0,0
8,134,0.4,2,1,0
8,135,0.6199,1,0,0
8,136,0.55,2,1,0
8,137,0.6146,1,0,0
8,139,0.4523,2,0,0
8,140,0.7059,4,1,0
8,141,0.6726,1,0,0
8,142,0.7,2,1,0
8,143,0.55,2,1,0
8,144,0.455,1,0,0
8,145,0.55,1,0,0
8,146,0.7,3,1,0
8,147,0.5869,2,0,0
8,148,0.55,1,0,0
8,149,0.7,1,0,0
8,150,0.4,1,0,0
9,1,0.425,2,0,0
9,2,0.475,2,0,0
9,3,0.425,1,0,0
9,4,0.425,1,0,0
9,9,0.475,1,0,0
9,10,0.405,2,0,0
9,11,0.555,2,0,0
9,12,0.555,1,1,0
9,14,0.425,2,0,0
9,15,0.625,1,0,0
9,18,0.475,1,0,0
9,19,0.475,2,0,0
9,20,0.405,1,0,0
9,23,0.625,1,0,0
9,24,0.625,2,0,0
9,25,0.425,2,0,0
9,29,0.425,1,0,0
9,31,0.615,1,0,0
9,33,0.475,1,0,0
9,35,0.5585,2,0,0
9,36,0.475,2,0,0
9,38,0.6358,1,0,0
9,40,0.555,1,1,0
9,41,0.625,1,0,0
9,42,0.475,1,0,0
9,44,0.9156,2,1,0
9,45,0.7279,4,1,1
9,46,0.7597,1,1,1
9,47,0.705,3,1,1
9,49,0.8622,2,1,1
9,54,0.425,1,0,0
9,57,0.475,2,0,0
9,59,0.5758,1,1,0
9,62,0.425,2,0,0
9,64,0.7568,3,1,0
9,65,0.475,1,0,0
9,66,0.425,1,0,0
9,68,0.425,2,0,0
9,70,0.7249,3,1,1
9,71,0.625,1,0,0
9,72,0.625,2,0,0
9,75,0.475,1,0,0
9,76,0.475,1,0,0
9,77,0.5775,1,0,0
9,78,0.425,1,0,0
9,79,0.555,1,0,0
9,80,0.625,1,0,0
9,81,0.475,1,0,0
9,83,0.425,1,0,0
9,87,0.6393,1,0,0
9,88,0.425,1,0,0
9,89,0.625,2,0,0
9,92,0.425,2,0,0
9,93,0.555,1,0,0
9,97,0.425,1,0,0
9,98,0.8374,1,1,0
9,99,0.625,1,0,0
9,100,0.425,1,0,0
9,102,0.5733,2,1,0
9,103,0.555,1,0,0
9,104,0.5667,1,1,0
9,105,0.425,1,0,0
9,106,0.6067,1,0,0
9,107,0.5555,2,0,0
9,109,0.76,1,1,0
9,114,0.425,1,0,0
9,115,0.6881,1,0,0
9,116,0.7566,3,0,0
9,117,0.8348,3,1,1
9,118,0.425,1,0,0
9,119,0.555,2,0,0
9,121,0.555,2,0,0
9,123,0.425,2,0,0
9,126,0.425,1,0,0
9,129,0.425,1,0,0
9,130,0.425,2,0,0
9,131,0.475,1,0,0
9,135,0.6446,1,0,0
9,137,0.6352,1,0,0
9,139,0.475,1,0,0
9,140,0.625,1,0,0
9,141,0.9216,2,0,0
9,142,0.425,1,0,0
9,143,0.425,2,0,0
9,145,0.425,1,0,0
9,146,0.425,2,1,0
9,147,0.625,1,1,0
9,148,0.425,2,0,0
9,149,0.425,1,0,0
10,2,0.9402,2,0,0
10,6,0.5,1,0,0
10,9,0.5762,2,0,0
10,10,0.5821,1,0,0
10,11,0.7767,2,0,0
10,12,0.756,2,1,1
10,15,0.5888,1,0,0
10,16,0.4,1,1,0
10,17,0.5,1,1,0
10,18,0.8243,1,0,0
10,19,0.5223,1,1,0
10,20,0.4937,1,0,0
10,23,0.8058,1,1,1
10,24,0.6682,1,0,0
10,28,0.6747,1,0,0
10,32,0.5,2,0,0
10,33,0.9018,1,1,0
10,35,0.48,1,0,0
10,36,0.9346,3,1,0
10,38,0.6929,1,0,0
10,39,0.5,2,0,0
10,40,0.7776,3,1,1
10,41,0.6727,2,0,0
10,42,0.859,3,1,1
10,44,0.55,1,0,0
10,46,0.7,4,1,0
10,47,0.5823,1,0,0
10,49,0.63,2,0,0
10,55,0.63,2,0,0
10,56,0.5,1,0,0
10,57,0.7,4,1,0
10,59,0.48,1,0,0
10,64,0.55,1,0,0
10,65,0.717,4,1,0
10,70,0.6606,1,0,0
10,71,0.5919,1,1,0
10,72,0.7334,1,1,1
10,75,0.7,1,0,0
10,76,0.55,1,1,0
10,77,0.48,1,1,0
10,79,0.7993,3,0,0
10,80,0.8111,3,1,0
10,81,0.7748,3,1,0
10,86,0.55,2,0,0
10,87,0.63,2,0,0
10,89,0.6474,2,1,0
10,91,0.5,2,0,0
10,93,0.6077,2,0,0
10,96,0.48,1,0,0
10,98,0.48,1,0,0
10,99,0.678,2,0,0
10,102,0.6615,2,1,0
10,103,0.7235,2,1,0
10,107,0.8208,3,1,0
10,112,0.5,1,0,0
10,115,0.8299,2,1,0
10,117,0.63,1,1,0
10,119,0.5549,2,0,0
10,121,0.55,1,0,0
10,122,0.4,2,0,0
10,128,0.63,1,0,0
10,131,0.7177,3,1,1
10,135,0.6975,1,0,0
10,136,0.5,1,0,0
10,137,0.6926,2,0,0
10,138,0.5805,1,0,0
10,139,0.8439,1,1,1
10,140,0.7888,4,1,0
10,141,0.55,2,0,0
10,144,0.6839,1,0,0
10,147,0.6673,1,1,0
11,2,0.7817,3,1,0
11,9,0.6729,1,1,0
11,10,0.7843,4,1,1
11,11,0.8131,2,1,1
11,12,0.7998,2,1,0
11,15,0.6647,2,0,0
11,18,0.8437,1,0,0
11,19,0.461,1,1,0
11,20,0.674,1,0,0
11,23,0.6216,2,0,0
11,24,0.6898,2,0,0
11,28,0.4595,1,0,0
11,33,0.8064,3,0,0
11,36,0.7853,3,1,1
11,38,0.5977,1,0,0
11,40,0.9636,4,1,0
11,41,0.6107,1,0,0
11,42,0.984,3,1,0
11,44,0.4,1,1,0
11,46,0.55,1,0,0
11,47,0.6345,1,0,0
11,49,0.48,1,0,0
11,55,0.48,1,0,0
11,57,0.6988,2,0,0
11,64,0.7,1,1,0
11,65,0.8288,1,0,0
11,70,0.5678,1,0,0
11,71,0.6628,1,0,0
11,72,0.6682,1,0,0
11,75,0.6273,2,0,0
11,76,0.6468,1,0,0
11,77,0.48,1,0,0
11,79,0.8276,4,1,1
11,80,0.6182,1,0,0
11,81,0.7916,1,1,1
11,86,0.4,1,0,0
11,87,0.63,1,1,0
11,89,0.627,2,0,0
11,91,0.5,2,0,0
11,93,0.8008,2,0,0
11,96,0.48,2,1,0
11,98,0.48,1,0,0
11,99,0.6073,2,0,0
11,102,0.4183,1,1,0
11,103,0.7788,3,1,0
11,107,0.7244,1,1,1
11,115,0.5802,1,0,0
11,117,0.48,1,0,0
11,119,0.7669,1,1,0
11,121,0.55,2,1,0
11,125,0.5401,1,0,0
11,128,0.63,2,0,0
11,131,0.8283,3,1,0
11,135,0.5948,1,1,0
11,137,0.5979,1,0,0
11,138,0.5201,1,1,0
11,139,0.8437,1,0,0
11,140,0.6326,1,0,0
11,141,0.4,1,0,0
11,144,0.4535,1,0,0
11,147,0.6142,2,1,0
12,1,0.475,2,1,0
12,3,0.475,1,1,0
12,4,0.475,2,0,0
12,5,0.475,2,0,0
12,6,0.475,1,0,0
12,8,0.625,1,0,0
12,9,0.425,2,0,0
12,14,0.475,1,0,0
12,17,0.475,1,0,0
12,19,0.505,1,0,0
12,21,0.475,1,0,0
12,25,0.475,1,0,0
12,29,0.475,1,0,0
12,32,0.475,2,0,0
12,34,0.475,2,0,0
12,39,0.475,2,1,0
12,43,0.625,1,0,0
12,44,0.5132,1,0,0
12,45,0.6191,1,1,0
12,46,0.542,1,1,0
12,48,0.475,1,0,0
12,49,0.4507,1,0,0
12,51,0.475,2,0,0
12,52,0.625,1,0,0
12,54,0.475,1,1,0
12,56,0.475,2,0,0
12,60,0.475,1,1,0
12,61,0.475,2,0,0
12,62,0.475,1,0,0
12,63,0.475,1,1,0
12,64,0.5029,2,0,0
12,66,0.475,1,0,0
12,68,0.475,2,1,0
12,78,0.475,1,1,0
12,82,0.475,2,1,0
12,83,0.475,1,1,0
12,85,0.625,1,0,0
12,88,0.475,1,0,0
12,90,0.625,1,1,0
12,91,0.475,2,1,0
12,92,0.475,1,0,0
12,94,0.475,1,1,0
12,95,0.475,1,0,0
12,97,0.475,2,1,0
12,98,0.4217,2,1,0
12,100,0.475,1,0,0
12,102,0.4383,1,0,0
12,104,0.4076,2,0,0
12,105,0.475,1,1,0
12,108,0.475,2,1,0
12,109,0.6916,2,0,0
12,110,0.475,1,0,0
12,112,0.475,1,0,0
12,113,0.475,1,0,0
12,114,0.475,1,0,0
12,116,0.6526,2,0,0
12,117,0.4187,1,0,0
12,118,0.475,1,0,0
12,120,0.475,2,0,0
12,121,0.5469,1,1,0
12,123,0.475,1,0,0
12,126,0.475,1,0,0
12,129,0.475,1,1,0
12,130,0.475,1,0,0
12,132,0.475,2,0,0
12,134,0.625,1,1,0
12,136,0.475,1,0,0
12,141,0.5202,1,0,0
12,142,0.475,1,0,0
12,143,0.475,1,0,0
12,145,0.475,2,0,0
12,146,0.475,1,0,0
12,148,0.475,2,1,0
12,149,0.475,1,0,0
12,150,0.475,1,0,0
13,2,0.4579,1,0,0
13,9,0.5698,2,0,0
13,10,0.8219,3,1,1
13,11,0.5477,2,0,0
13,12,0.6108,1,0,0
13,15,0.4875,2,0,0
13,16,0.475,1,0,0
13,18,0.5248,1,0,0
13,19,0.5143,2,0,0
13,20,0.7675,1,1,0
13,22,0.4,2,0,0
13,23,0.5238,1,0,0
13,24,0.5283,1,0,0
13,26,0.475,1,0,0
13,28,0.8129,2,0,0
13,31,0.4,1,0,0
13,33,0.48,1,0,0
13,35,0.48,1,1,0
13,36,0.4611,1,0,0
13,38,0.5024,1,1,0
13,40,0.6982,1,0,0
13,41,0.5141,1,1,0
13,42,0.5798,1,0,0
13,47,0.5971,1,1,0
13,55,0.475,2,0,0
13,57,0.4451,1,0,0
13,58,0.425,1,0,0
13,59,0.555,2,0,0
13,65,0.5002,1,1,0
13,70,0.4006,1,0,0
13,71,0.5608,2,0,0
13,72,0.4906,1,0,0
13,73,0.5,2,0,0
13,77,0.555,2,0,0
13,79,0.6142,1,0,0
13,80,0.4458,1,1,0
13,81,0.4668,1,0,0
13,86,0.4,1,1,0
13,89,0.5287,1,0,0
13,93,0.6117,2,0,0
13,96,0.4668,1,0,0
13,99,0.436,1,0,0
13,101,0.475,1,1,0
13,102,0.476,1,0,0
13,103,0.517,1,1,0
13,104,0.475,2,0,0
13,106,0.4,2,0,0
13,107,0.4064,1,0,0
13,115,0.4117,2,0,0
13,117,0.405,2,0,0
13,119,0.5062,1,0,0
13,122,0.475,1,0,0
13,125,0.8853,2,1,0
13,128,0.5679,1,1,0
13,131,0.5747,1,0,0
13,135,0.4247,1,0,0
13,137,0.4276,2,0,0
13,138,0.7923,2,0,0
13,139,0.5885,1,0,0
13,140,0.5337,1,0,0
13,144,0.5826,1,0,0
13,147,0.5172,1,0,0
14,2,0.475,1,0,0
14,8,0.425,2,0,0
14,9,0.625,1,0,0
14,10,0.48,1,0,0
14,11,0.555,1,0,0
14,12,0.63,1,0,0
14,15,0.4,1,0,0
14,16,0.4,1,0,0
14,18,0.475,2,0,0
14,19,0.6689,2,0,0
14,20,0.405,1,0,0
14,23,0.5659,1,0,0
14,24,0.475,2,0,0
14,28,0.4479,1,0,0
14,31,0.5066,2,1,0
14,33,0.475,1,0,0
14,35,0.6008,2,0,0
14,36,0.475,1,0,0
14,38,0.5538,2,0,0
14,40,0.63,1,0,0
14,41,0.5196,2,1,0
14,42,0.475,1,0,0
14,43,0.425,1,0,0
14,44,0.7487,2,1,0
14,45,0.843,2,1,1
14,46,0.8019,2,1,1
14,47,0.63,1,0,0
14,49,0.7541,2,1,0
14,55,0.4,1,1,0
14,57,0.475,2,0,0
14,59,0.6911,1,0,0
14,64,0.6815,2,1,0
14,65,0.4,1,0,0
14,70,0.5576,1,0,0
14,71,0.475,1,0,0
14,72,0.475,1,0,0
14,75,0.475,1,0,0
14,76,0.4,2,0,0
14,77,0.6176,1,0,0
14,79,0.63,2,0,0
14,80,0.4999,1,0,0
14,81,0.4,1,0,0
14,85,0.425,1,1,0
14,87,0.6146,2,0,0
14,89,0.4766,1,0,0
14,90,0.425,2,1,0
14,93,0.555,2,0,0
14,98,0.6571,1,0,0
14,99,0.4535,2,0,0
14,102,0.8563,1,1,0
14,103,0.555,1,0,0
14,104,0.5388,1,0,0
14,106,0.4992,1,0,0
14,107,0.5404,2,0,0
14,109,0.8771,4,1,0
14,115,0.6,1,0,0
14,116,0.8317,2,0,0
14,117,0.8049,2,1,1
14,119,0.48,1,0,0
14,121,0.555,1,0,0
14,122,0.4,1,0,0
14,131,0.475,1,0,0
14,135,0.4866,1,0,0
14,137,0.4783,2,0,0
14,139,0.55,1,0,0
14,140,0.55,1,0,0
14,141,0.8184,2,1,0
14,147,0.5103,1,0,0
15,1,0.625,1,0,0
15,2,0.5416,2,0,0
15,3,0.55,1,0,0
15,4,0.55,2,0,0
15,5,0.475,1,0,0
15,6,0.475,2,0,0
15,8,0.475,2,0,0
15,9,0.4823,2,0,0
15,12,0.43,1,0,0
15,14,0.55,1,0,0
15,15,0.569,1,0,0
15,17,0.55,1,1,0
15,18,0.4342,2,1,0
15,19,0.5714,1,0,0
15,21,0.4,1,0,0
15,23,0.7811,4,1,0
15,24,0.5786,1,1,0
15,25,0.55,1,0,0
15,28,0.4985,1,0,0
15,29,0.55,2,0,0
15,32,0.55,1,0,0
15,33,0.506,1,0,0
15,34,0.4,1,1,0
15,36,0.5364,1,0,0
15,38,0.7096,2,1,1
15,39,0.55,1,1,0
15,40,0.43,2,0,0
15,41,0.7217,4,0,0
15,42,0.4663,2,0,0
15,43,0.475,1,0,0
15,44,0.5744,1,0,0
15,46,0.4875,1,0,0
15,47,0.58,1,0,0
15,48,0.475,1,0,0
15,49,0.6002,1,0,0
15,51,0.475,2,0,0
15,52,0.4,2,0,0
15,53,0.4,2,0,0
15,54,0.625,2,0,0
15,56,0.55,1,0,0
15,60,0.4,1,0,0
15,61,0.475,1,0,0
15,62,0.625,1,1,0
15,63,0.4,1,0,0
15,66,0.55,1,0,0
15,68,0.55,1,0,0
15,70,0.5915,1,0,0
15,71,0.6468,1,1,0
15,72,0.639,2,0,0
15,78,0.55,2,0,0
15,79,0.43,1,1,0
15,80,0.711,2,1,0
15,81,0.4523,1,0,0
15,82,0.475,2,0,0
15,83,0.625,1,0,0
15,85,0.475,1,0,0
15,87,0.4104,1,0,0
15,88,0.7,1,1,1
15,89,0.6983,1,0,0
15,90,0.475,1,0,0
15,91,0.55,1,0,0
15,92,0.625,2,0,0
15,94,0.475,1,0,0
15,95,0.4,1,0,0
15,97,0.625,1,0,0
15,98,0.5372,2,1,0
15,99,0.6484,1,0,0
15,100,0.625,1,0,0
15,102,0.5923,1,1,0
15,105,0.625,1,1,0
15,107,0.4509,1,0,0
15,108,0.4,1,1,0
15,109,0.4127,1,0,0
15,110,0.4,1,0,0
15,112,0.55,2,0,0
15,113,0.4,1,0,0
15,114,0.625,1,0,0
15,115,0.6843,1,0,0
15,117,0.6884,1,0,0
15,118,0.7,4,1,0
15,120,0.475,1,1,0
15,123,0.625,1,1,0
15,126,0.7,2,1,1
15,127,0.4,2,0,0
15,129,0.625,2,0,0
15,130,0.55,1,0,0
15,131,0.4744,1,0,0
15,132,0.475,2,0,0
15,134,0.4,2,0,0
15,135,0.6303,1,1,0
15,136,0.475,1,0,0
15,137,0.6348,1,1,0
15,139,0.5274,1,0,0
15,140,0.7653,1,1,1
15,141,0.6465,1,0,0
15,142,0.625,1,0,0
15,143,0.55,2,0,0
15,144,0.4179,1,0,0
15,145,0.625,2,0,0
15,146,0.7,1,1,0
15,147,0.7167,3,1,0
15,148,0.55,1,1,0
15,149,0.625,1,0,0
15,150,0.4,1,0,0
16,2,0.8574,3,1,1
16,6,0.5,2,0,0
16,9,0.5854,1,0,0
16,10,0.7984,1,1,1
16,11,0.9289,2,0,0
16,12,0.9379,2,1,0
16,15,0.5798,1,1,0
16,16,0.4,1,0,0
16,17,0.5,2,0,0
16,18,0.9081,1,0,0
16,20,0.6215,2,0,0
16,23,0.7006,2,1,1
16,24,0.7607,1,1,0
16,28,0.5423,1,0,0
16,32,0.5,1,0,0
16,33,0.8742,1,1,0
16,35,0.48,2,0,0
16,36,0.8598,2,1,0
16,38,0.5343,1,1,0
16,39,0.5,1,0,0
16,40,0.9285,2,0,0
16,41,0.5431,1,1,0
16,42,0.8929,2,0,0
16,44,0.55,2,0,0
16,46,0.7,4,0,0
16,47,0.7983,3,0,0
16,49,0.63,2,1,0
16,55,0.63,1,0,0
16,56,0.5,1,0,0
16,57,0.9935,2,1,0
16,59,0.48,1,0,0
16,64,0.55,1,0,0
16,65,0.7394,2,1,1
16,70,0.514,1,0,0
16,71,0.5785,1,0,0
16,72,0.7322,4,0,0
16,75,0.9449,3,1,0
16,76,0.8082,3,1,1
16,77,0.48,1,1,0
16,79,0.919,2,1,1
16,80,0.6982,1,0,0
16,81,0.7141,2,1,1
16,86,0.55,1,0,0
16,87,0.63,1,0,0
16,89,0.5542,1,0,0
16,91,0.5,1,0,0
16,93,0.7872,4,1,1
16,96,0.48,1,0,0
16,98,0.48,1,1,0
16,99,0.5409,1,0,0
16,102,0.5144,1,0,0
16,103,0.9521,1,1,1
16,107,0.6684,2,0,0
16,112,0.5,1,0,0
16,115,0.6724,1,0,0
16,117,0.63,1,0,0
16,119,0.8103,2,1,1
16,121,0.55,1,0,0
16,122,0.4,2,0,0
16,125,0.4471,2,0,0
16,128,0.63,2,1,0
16,131,0.7391,4,1,1
16,135,0.5323,1,0,0
16,136,0.5,1,0,0
16,137,0.5345,2,0,0
16,138,0.5835,2,0,0
16,139,0.8995,2,1,0
16,140,0.708,3,1,1
16,141,0.55,1,0,0
16,144,0.5383,1,0,0
16,147,0.5455,1,0,0
17,1,0.55,1,0,0
17,2,0.647,2,0,0
17,3,0.55,1,0,0
17,4,0.55,1,0,0
17,5,0.4,2,0,0
17,6,0.55,1,0,0
17,8,0.4,1,0,0
17,9,0.6002,1,0,0
17,11,0.43,1,0,0
17,12,0.43,2,1,0
17,14,0.55,2,1,0
17,15,0.6106,2,0,0
17,17,0.55,1,1,0
17,18,0.5574,2,1,0
17,19,0.4704,1,1,0
17,21,0.4,2,0,0
17,23,0.7841,2,1,1
17,24,0.7023,1,1,0
17,25,0.55,1,0,0
17,28,0.4685,2,0,0
17,29,0.55,1,0,0
17,30,0.4,2,0,0
17,32,0.55,1,0,0
17,33,0.6213,1,0,0
17,34,0.4,1,1,0
17,36,0.6484,1,0,0
17,37,0.4,1,0,0
17,38,0.6035,2,0,0
17,39,0.55,2,0,0
17,40,0.43,1,0,0
17,41,0.6201,1,0,0
17,42,0.586,2,1,0
17,43,0.55,1,0,0
17,44,0.6331,2,0,0
17,46,0.4725,2,0,0
17,47,0.58,1,0,0
17,48,0.4,1,1,0
17,49,0.6561,1,0,0
17,51,0.4,2,1,0
17,52,0.4,2,1,0
17,53,0.4,1,1,0
17,54,0.7,2,1,0
17,56,0.55,2,0,0
17,60,0.4,1,0,0
17,61,0.4,2,1,0
17,62,0.55,1,0,0
17,63,0.4,1,1,0
17,65,0.4426,1,0,0
17,66,0.55,1,0,0
17,68,0.55,2,0,0
17,70,0.5651,1,1,0
17,71,0.6131,2,1,0
17,72,0.7562,2,1,1
17,78,0.55,1,0,0
17,79,0.43,2,0,0
17,80,0.7797,3,1,1
17,81,0.4903,2,1,0
17,82,0.4,1,0,0
17,83,0.7,1,1,0
17,85,0.55,2,1,0
17,88,0.7,2,1,1
17,89,0.641,2,0,0
17,90,0.4,1,1,0
17,91,0.55,2,0,0
17,92,0.55,1,1,0
17,94,0.4,2,0,0
17,95,0.4,1,0,0
17,97,0.55,1,1,0
17,98,0.5167,1,0,0
17,99,0.6158,1,0,0
17,100,0.7,2,1,0
17,102,0.5658,1,0,0
17,103,0.43,2,0,0
17,105,0.55,1,0,0
17,107,0.4235,1,0,0
17,108,0.4,2,0,0
17,110,0.4,2,1,0
17,112,0.55,1,0,0
17,113,0.4,1,0,0
17,114,0.7,2,1,0
17,115,0.731,1,1,0
17,117,0.6678,1,0,0
17,118,0.7,3,1,1
17,120,0.4,1,1,0
17,123,0.55,1,1,0
17,126,0.7,3,1,0
17,127,0.4,1,0,0
17,129,0.55,1,0,0
17,130,0.55,1,0,0
17,131,0.4432,1,0,0
17,132,0.4,1,0,0
17,134,0.4,2,0,0
17,135,0.5997,1,0,0
17,136,0.55,1,0,0
17,137,0.6037,1,0,0
17,138,0.4538,2,0,0
17,139,0.5736,1,0,0
17,140,0.7981,2,1,0
17,141,0.6305,1,0,0
17,142,0.7,2,0,0
17,143,0.55,1,0,0
17,144,0.4609,1,1,0
17,145,0.55,1,0,0
17,146,0.7,2,1,0
17,147,0.6246,1,0,0
17,148,0.55,1,0,0
17,149,0.7,3,1,1
17,150,0.4,1,0,0
18,1,0.7,1,1,0
18,2,0.4486,1,0,0
18,3,0.55,1,0,0
18,4,0.55,1,0,0
18,5,0.55,1,1,0
18,6,0.4,1,1,0
18,8,0.55,2,0,0
18,12,0.43,1,1,0
18,13,0.4,1,0,0
18,14,0.55,2,0,0
18,15,0.5484,1,0,0
18,17,0.55,1,0,0
18,19,0.63,2,0,0
18,21,0.4,1,0,0
18,23,0.7638,3,1,0
18,24,0.4794,2,0,0
18,25,0.55,2,1,0
18,27,0.4,1,0,0
18,28,0.4823,1,0,0
18,29,0.55,1,0,0
18,32,0.55,1,0,0
18,33,0.4111,2,0,0
18,34,0.4,2,0,0
18,36,0.4431,1,0,0
18,38,0.7999,3,1,1
18,39,0.55,1,0,0
18,40,0.43,2,1,0
18,41,0.7804,3,1,1
18,43,0.4,1,0,0
18,44,0.5075,1,1,0
18,46,0.4949,1,0,0
18,47,0.58,2,0,0
18,48,0.55,2,0,0
18,49,0.5347,1,1,0
18,51,0.55,1,0,0
18,52,0.4,2,0,0
18,53,0.4,1,1,0
18,54,0.55,1,0,0
18,56,0.55,1,0,0
18,58,0.4,1,0,0
18,60,0.4,1,1,0
18,61,0.55,1,0,0
18,62,0.7,3,0,0
18,63,0.4,1,0,0
18,66,0.55,1,1,0
18,68,0.55,1,0,0
18,70,0.6046,1,0,0
18,71,0.7014,3,0,0
18,72,0.5431,1,0,0
18,73,0.4,1,0,0
18,78,0.55,2,0,0
18,79,0.43,2,0,0
18,80,0.619,2,1,0
18,81,0.4335,2,0,0
18,82,0.55,1,0,0
18,83,0.55,1,0,0
18,85,0.4,1,0,0
18,87,0.4218,1,1,0
18,88,0.7,3,1,0
18,89,0.7556,3,0,0
18,90,0.55,1,0,0
18,91,0.55,1,1,0
18,92,0.7,3,1,0
18,93,0.43,2,0,0
18,94,0.55,1,0,0
18,95,0.4,2,1,0
18,97,0.7,1,0,0
18,98,0.5473,1,0,0
18,99,0.6355,2,1,0
18,100,0.55,2,0,0
18,102,0.6054,2,0,0
18,105,0.7,3,1,1
18,107,0.4645,1,0,0
18,108,0.4,2,1,0
18,109,0.4951,1,0,0
18,110,0.4,1,0,0
18,112,0.55,1,0,0
18,113,0.4,1,0,0
18,114,0.55,2,1,0
18,115,0.6233,2,0,0
18,117,0.6986,2,0,0
18,118,0.7,2,0,0
18,120,0.55,2,0,0
18,121,0.43,1,0,0
18,123,0.7,1,1,0
18,126,0.7,2,1,1
18,127,0.4,1,0,0
18,129,0.7,2,1,0
18,130,0.55,1,0,0
18,131,0.5278,1,1,0
18,132,0.55,2,1,0
18,134,0.4,2,0,0
18,135,0.6454,1,0,0
18,136,0.4,1,0,0
18,137,0.6498,2,0,0
18,139,0.5046,1,0,0
18,140,0.7472,3,1,0
18,141,0.6544,1,0,0
18,142,0.55,1,0,0
18,143,0.55,1,0,0
18,145,0.7,3,1,0
18,146,0.7,1,0,0
18,147,0.775,4,1,1
18,148,0.55,1,0,0
18,149,0.55,1,0,0
18,150,0.4,2,0,0
19,1,0.55,1,0,0
19,2,0.43,1,0,0
19,3,0.55,1,0,0
19,4,0.55,2,0,0
19,5,0.4,1,0,0
19,6,0.55,1,0,0
19,8,0.4,2,0,0
19,14,0.55,1,0,0
19,17,0.55,1,0,0
19,21,0.4,2,0,0
19,23,0.58,1,0,0
19,24,0.5,1,0,0
19,25,0.55,2,0,0
19,29,0.55,1,0,0
19,30,0.4,1,0,0
19,32,0.55,1,0,0
19,34,0.4,1,0,0
19,36,0.43,1,1,0
19,37,0.4,2,1,0
19,38,0.43,1,0,0
19,39,0.55,1,0,0
19,41,0.43,2,0,0
19,43,0.55,1,0,0
19,44,0.5,1,0,0
19,47,0.5,2,0,0
19,48,0.4,1,1,0
19,49,0.5,1,1,0
19,51,0.4,1,0,0
19,52,0.4,1,0,0
19,53,0.4,2,1,0
19,54,0.7,3,1,0
19,56,0.55,1,0,0
19,60,0.4,1,0,0
19,61,0.4,1,0,0
19,62,0.55,1,0,0
19,63,0.4,1,0,0
19,66,0.55,1,1,0
19,68,0.55,1,0,0
19,72,0.5,1,0,0
19,78,0.55,1,0,0
19,80,0.58,2,0,0
19,82,0.4,1,1,0
19,83,0.7,1,1,1
19,85,0.55,1,0,0
19,88,0.7,3,0,0
19,89,0.43,1,0,0
19,90,0.4,2,0,0
19,91,0.55,2,0,0
19,92,0.55,1,0,0
19,94,0.4,1,1,0
19,95,0.4,1,0,0
19,97,0.55,1,1,0
19,99,0.43,1,0,0
19,100,0.7,3,0,0
19,105,0.55,2,0,0
19,108,0.4,1,1,0
19,110,0.4,1,0,0
19,112,0.55,1,0,0
19,113,0.4,1,0,0
19,114,0.7,1,1,1
19,115,0.5,1,1,0
19,117,0.5,2,0,0
19,118,0.7,2,1,1
19,120,0.4,2,1,0
19,123,0.55,1,0,0
19,126,0.7,3,1,0
19,127,0.4,1,1,0
19,129,0.55,2,0,0
19,130,0.55,2,1,0
19,132,0.4,1,0,0
19,134,0.4,1,1,0
19,135,0.43,1,0,0
19,136,0.55,2,0,0
19,137,0.43,1,0,0
19,140,0.58,1,0,0
19,141,0.5,2,0,0
19,142,0.7,4,1,1
19,143,0.55,2,1,0
19,145,0.55,2,0,0
19,146,0.7,2,1,0
19,147,0.43,1,1,0
19,148,0.55,2,0,0
19,149,0.7,1,1,1
19,150,0.4,1,0,0
20,2,0.7782,1,1,1
20,5,0.4,2,0,0
20,6,0.4,1,0,0
20,9,0.5599,1,0,0
20,10,0.8313,1,1,1
20,11,0.8592,3,1,0
20,12,0.9195,2,1,0
20,15,0.6037,1,0,0
20,17,0.45,1,1,0
20,18,0.8356,4,1,0
20,19,0.4623,2,0,0
20,20,0.7008,3,1,1
20,23,0.6705,2,0,0
20,24,0.6887,1,0,0
20,28,0.5112,1,1,0
20,32,0.45,1,1,0
20,33,0.7973,4,0,0
20,36,0.781,2,0,0
20,38,0.6021,2,0,0
20,39,0.45,2,0,0
20,40,0.9588,2,1,1
20,41,0.6121,1,0,0
20,42,0.8685,3,1,0
20,44,0.45,2,0,0
20,46,0.65,1,0,0
20,47,0.7812,2,1,1
20,48,0.4,1,1,0
20,49,0.53,1,0,0
20,51,0.4,2,1,0
20,55,0.58,1,0,0
20,56,0.45,1,0,0
20,57,0.8528,1,1,0
20,59,0.43,1,0,0
20,61,0.4,2,0,0
20,64,0.6,2,0,0
20,65,0.7645,3,1,0
20,70,0.5291,1,0,0
20,71,0.6522,2,0,0
20,72,0.6564,1,0,0
20,75,0.7979,1,0,0
20,76,0.7629,4,1,1
20,77,0.53,2,0,0
20,79,0.898,1,1,1
20,80,0.6179,1,0,0
20,81,0.7359,3,1,1
20,82,0.4,2,1,0
20,86,0.45,2,0,0
20,87,0.63,1,0,0
20,89,0.6247,1,0,0
20,91,0.5,1,0,0
20,93,0.8687,4,1,1
20,94,0.4,1,1,0
20,96,0.48,1,0,0
20,98,0.48,2,0,0
20,99,0.5595,2,0,0
20,102,0.4795,1,0,0
20,103,0.8856,2,1,0
20,107,0.6841,2,0,0
20,112,0.45,1,0,0
20,115,0.5886,2,0,0
20,117,0.58,1,1,0
20,119,0.8448,4,0,0
20,120,0.4,1,0,0
20,121,0.6,1,0,0
20,125,0.5232,1,0,0
20,128,0.58,1,0,0
20,131,0.8141,1,1,1
20,132,0.4,1,0,0
20,135,0.5498,1,0,0
20,136,0.4,1,1,0
20,137,0.5523,2,0,0
20,138,0.5078,2,0,0
20,139,0.8759,4,1,0
20,140,0.6789,2,0,0
20,141,0.5,1,1,0
20,144,0.4566,1,0,0
20,147,0.6148,2,0,0
21,2,0.5507,1,0,0
21,9,0.6658,1,0,0
21,10,0.7938,4,0,0
21,11,0.5968,1,1,0
21,12,0.5838,1,0,0
21,15,0.5079,1,0,0
21,16,0.625,2,1,0
21,18,0.6234,1,0,0
21,19,0.4555,1,0,0
21,20,0.6824,2,0,0
21,22,0.55,1,1,0
21,23,0.5409,1,1,0
21,24,0.6228,1,0,0
21,26,0.55,2,0,0
21,28,0.6791,2,0,0
21,31,0.55,1,0,0
21,33,0.5748,1,0,0
21,35,0.705,1,1,1
21,36,0.5542,2,0,0
21,37,0.425,2,0,0
21,38,0.4426,1,0,0
21,40,0.6723,1,0,0
21,41,0.4553,2,1,0
21,42,0.6766,1,1,0
21,47,0.5689,2,0,0
21,49,0.405,1,1,0
21,53,0.425,1,0,0
21,55,0.475,1,0,0
21,57,0.4854,1,0,0
21,59,0.705,3,1,0
21,65,0.5216,1,1,0
21,70,0.4135,2,0,0
21,71,0.506,2,0,0
21,72,0.5863,1,1,0
21,75,0.4158,2,0,0
21,77,0.48,1,0,0
21,79,0.6109,1,0,0
21,80,0.5376,1,0,0
21,81,0.4854,1,0,0
21,86,0.475,1,1,0
21,89,0.4712,1,0,0
21,93,0.5098,2,0,0
21,96,0.421,1,0,0
21,99,0.452,2,0,0
21,101,0.55,1,1,0
21,102,0.489,2,0,0
21,103,0.5634,1,0,0
21,104,0.55,2,1,0
21,106,0.4,2,0,0
21,107,0.4199,1,0,0
21,115,0.5005,1,1,0
21,117,0.405,2,0,0
21,119,0.4767,1,0,0
21,122,0.625,1,0,0
21,125,0.6826,2,1,0
21,127,0.425,2,0,0
21,128,0.5994,2,0,0
21,131,0.5211,2,0,0
21,135,0.4397,1,0,0
21,137,0.4428,2,0,0
21,138,0.7381,3,0,0
21,139,0.6111,1,1,0
21,140,0.5516,2,0,0
21,144,0.8233,2,1,1
21,147,0.4587,1,1,0
22,1,0.45,1,0,0
22,2,0.7454,2,0,0
22,9,0.6021,1,0,0
22,10,0.6838,1,0,0
22,11,0.6204,1,0,0
22,12,0.6534,1,0,0
22,15,0.8125,2,0,0
22,18,0.6595,1,0,0
22,19,0.569,1,1,0
22,20,0.6343,2,1,0
22,23,0.9326,3,1,0
22,24,0.8045,4,1,0
22,28,0.6171,1,0,0
22,33,0.7231,2,1,0
22,36,0.75,2,1,0
22,38,0.8521,3,1,1
22,40,0.7211,1,0,0
22,41,0.8687,2,1,0
22,42,0.7379,1,1,1
22,44,0.6,1,0,0
22,46,0.5,1,0,0
22,47,0.784,3,1,1
22,49,0.68,2,0,0
22,54,0.4,1,0,0
22,55,0.58,2,0,0
22,57,0.4746,2,1,0
22,59,0.43,1,0,0
22,62,0.4,2,1,0
22,64,0.45,1,0,0
22,65,0.6445,1,0,0
22,68,0.4,2,0,0
22,70,0.764,4,0,0
22,71,0.8649,2,1,1
22,72,0.858,2,1,0
22,75,0.45,1,0,0
22,76,0.4,2,1,0
22,77,0.53,1,0,0
22,79,0.689,2,0,0
22,80,0.8782,2,1,1
22,81,0.6919,2,0,0
22,83,0.4,1,0,0
22,86,0.45,2,1,0
22,87,0.48,1,1,0
22,88,0.45,1,0,0
22,89,0.8895,4,0,0
22,92,0.4,1,0,0
22,93,0.6048,1,0,0
22,96,0.48,1,0,0
22,97,0.4,2,0,0
22,98,0.63,1,0,0
22,99,0.8144,3,1,0
22,100,0.4,1,0,0
22,102,0.5647,2,0,0
22,103,0.5767,2,0,0
22,105,0.4,1,0,0
22,107,0.6223,1,0,0
22,114,0.4,2,0,0
22,115,0.8297,2,1,0
22,117,0.73,2,0,0
22,118,0.45,1,0,0
22,119,0.5115,2,0,0
22,121,0.45,1,0,0
22,123,0.45,1,0,0
22,125,0.5301,1,0,0
22,126,0.45,1,0,0
22,128,0.58,1,0,0
22,129,0.4,2,0,0
22,131,0.6951,2,1,0
22,135,0.7983,4,1,0
22,137,0.8024,2,1,0
22,138,0.5556,1,0,0
22,139,0.7256,2,1,1
22,140,0.9465,1,0,0
22,141,0.65,1,0,0
22,142,0.45,1,0,0
22,144,0.5595,2,0,0
22,145,0.4,1,0,0
22,146,0.45,2,0,0
22,147,0.8731,2,0,0
22,149,0.4,1,0,0
23,2,0.5955,1,0,0
23,9,0.6065,1,0,0
23,10,0.7231,2,1,0
23,11,0.5317,1,0,0
23,12,0.5911,2,0,0
23,15,0.541,1,0,0
23,16,0.7,4,1,1
23,18,0.5675,1,1,0
23,19,0.5713,2,1,0
23,20,0.6944,1,1,0
23,22,0.55,1,1,0
23,23,0.6587,2,0,0
23,24,0.5629,2,0,0
23,26,0.625,1,0,0
23,27,0.425,1,0,0
23,28,0.7945,3,0,0
23,31,0.55,2,0,0
23,33,0.6243,1,0,0
23,35,0.705,2,1,0
23,36,0.5997,2,1,0
23,37,0.425,1,0,0
23,38,0.5558,1,0,0
23,40,0.6073,1,0,0
23,41,0.571,1,0,0
23,42,0.5935,2,1,0
23,46,0.4,1,0,0
23,47,0.5733,2,0,0
23,49,0.405,2,0,0
23,53,0.5,1,0,0
23,55,0.55,2,1,0
23,59,0.78,1,0,0
23,65,0.5245,1,0,0
23,70,0.4459,1,0,0
23,71,0.6182,1,0,0
23,72,0.6119,1,0,0
23,77,0.555,1,0,0
23,79,0.6237,1,0,0
23,80,0.5797,2,0,0
23,81,0.532,2,0,0
23,86,0.475,2,0,0
23,89,0.59,1,0,0
23,93,0.5174,1,0,0
23,96,0.4,2,1,0
23,99,0.492,2,0,0
23,101,0.625,1,1,0
23,102,0.5965,1,0,0
23,103,0.4917,1,0,0
23,104,0.625,1,1,0
23,106,0.4,1,1,0
23,107,0.4535,1,1,0
23,115,0.5353,1,0,0
23,117,0.48,2,1,0
23,119,0.4027,1,0,0
23,122,0.7,2,1,1
23,125,0.7364,3,1,1
23,127,0.5,1,0,0
23,128,0.475,1,0,0
23,131,0.6001,2,1,0
23,135,0.4774,1,0,0
23,137,0.481,2,1,0
23,138,0.7597,1,0,0
23,139,0.6572,2,1,0
23,140,0.6715,1,0,0
23,141,0.4,1,1,0
23,144,0.8626,2,0,0
23,147,0.5751,2,0,0
24,2,0.7708,2,1,1
24,6,0.5,1,0,0
24,9,0.55,1,0,0
24,10,0.48,1,0,0
24,11,0.78,4,1,1
24,12,0.78,3,1,1
24,15,0.4,1,0,0
24,16,0.4,2,0,0
24,17,0.5,2,0,0
24,18,0.7,2,1,1
24,19,0.5181,2,0,0
24,23,0.6437,2,0,0
24,24,0.55,2,1,0
24,28,0.5215,2,1,0
24,31,0.4723,1,0,0
24,32,0.5,1,1,0
24,33,0.7143,3,1,1
24,35,0.6809,2,0,0
24,36,0.7625,3,0,0
24,38,0.5483,1,0,0
24,39,0.5,1,0,0
24,40,0.78,4,1,0
24,41,0.5186,2,1,0
24,42,0.7,4,1,1
24,44,0.7872,2,1,1
24,45,0.6661,1,0,0
24,46,0.9183,2,1,0
24,47,0.63,1,1,0
24,49,0.8281,3,1,0
24,55,0.4,1,0,0
24,56,0.5,1,1,0
24,57,0.7,3,1,1
24,59,0.6677,1,0,0
24,64,0.7939,3,1,0
24,65,0.55,1,0,0
24,70,0.6166,1,0,0
24,71,0.4,1,0,0
24,72,0.55,1,0,0
24,75,0.7,3,1,1
24,76,0.55,1,0,0
24,77,0.5164,1,0,0
24,79,0.78,4,1,1
24,80,0.6516,1,0,0
24,81,0.5981,2,1,0
24,86,0.4,1,0,0
24,87,0.816,2,1,0
24,89,0.4814,1,0,0
24,91,0.5,2,0,0
24,93,0.63,1,0,0
24,98,0.6971,1,0,0
24,99,0.5264,1,0,0
24,102,0.7654,2,1,0
24,103,0.78,3,1,1
24,104,0.4353,1,0,0
24,106,0.4659,1,0,0
24,107,0.7517,3,1,1
24,109,0.6185,1,1,0
24,112,0.5,1,0,0
24,115,0.7384,3,1,0
24,116,0.6441,1,0,0
24,117,0.8491,2,1,0
24,119,0.63,1,0,0
24,121,0.63,1,0,0
24,122,0.4,1,0,0
24,128,0.4,1,0,0
24,131,0.55,1,0,0
24,135,0.5551,1,0,0
24,136,0.5,1,0,0
24,137,0.5479,1,1,0
24,138,0.4,1,1,0
24,139,0.7,1,0,0
24,140,0.6187,1,0,0
24,141,0.7826,2,0,0
24,144,0.535,1,0,0
24,147,0.5106,1,0,0
25,1,0.7,3,1,0
25,2,0.4803,2,1,0
25,3,0.55,1,0,0
25,4,0.55,1,1,0
25,5,0.55,1,0,0
25,6,0.4,1,0,0
25,8,0.55,2,0,0
25,9,0.4235,2,0,0
25,12,0.43,1,0,0
25,13,0.4,2,0,0
25,14,0.55,1,0,0
25,15,0.5847,2,0,0
25,17,0.55,1,0,0
25,19,0.6411,1,0,0
25,21,0.4,1,1,0
25,23,0.7942,2,0,0
25,24,0.522,1,0,0
25,25,0.55,2,0,0
25,27,0.4,1,0,0
25,28,0.489,1,0,0
25,29,0.55,2,0,0
25,32,0.55,2,0,0
25,33,0.4462,1,0,0
25,34,0.4,1,0,0
25,36,0.4754,1,0,0
25,38,0.7728,1,1,1
25,39,0.55,1,0,0
25,40,0.43,2,0,0
25,41,0.7908,3,1,1
25,42,0.4082,1,1,0
25,43,0.4,2,1,0
25,44,0.4933,2,0,0
25,46,0.4818,1,0,0
25,47,0.58,1,0,0
25,48,0.55,1,0,0
25,49,0.518,2,0,0
25,51,0.55,1,0,0
25,52,0.4,2,0,0
25,53,0.4,2,0,0
25,54,0.55,1,0,0
25,56,0.55,1,0,0
25,58,0.4,1,0,0
25,60,0.4,2,0,0
25,61,0.55,1,0,0
25,62,0.7,2,1,0
25,63,0.4,2,1,0
25,65,0.4153,1,0,0
25,66,0.55,1,0,0
25,68,0.55,1,0,0
25,70,0.5816,1,1,0
25,71,0.7374,1,1,1
25,72,0.5799,1,0,0
25,73,0.4,1,0,0
25,78,0.55,2,0,0
25,79,0.43,1,0,0
25,80,0.6489,1,0,0
25,81,0.4666,2,0,0
25,82,0.55,1,1,0
25,83,0.55,1,0,0
25,85,0.4,1,0,0
25,87,0.4018,1,0,0
25,88,0.7,3,1,1
25,89,0.7867,3,1,0
25,90,0.55,1,0,0
25,91,0.55,2,0,0
25,92,0.7,1,0,0
25,93,0.43,2,0,0
25,94,0.55,1,0,0
25,95,0.4,2,0,0
25,97,0.7,4,1,0
25,98,0.5295,1,0,0
25,99,0.6361,2,0,0
25,100,0.55,1,1,0
25,102,0.5823,1,0,0
25,105,0.7,2,1,1
25,107,0.4406,1,0,0
25,108,0.4,2,0,0
25,109,0.482,1,1,0
25,110,0.4,1,0,0
25,112,0.55,2,0,0
25,113,0.4,2,0,0
25,114,0.55,2,0,0
25,115,0.5986,1,0,0
25,117,0.6807,2,0,0
25,118,0.7,1,1,0
25,120,0.55,2,0,0
25,121,0.43,2,0,0
25,123,0.7,2,1,0
25,126,0.7,1,1,0
25,127,0.4,1,0,0
25,129,0.7,2,1,1
25,130,0.55,1,0,0
25,131,0.566,1,0,0
25,132,0.55,1,0,0
25,134,0.4,2,0,0
25,135,0.6187,2,0,0
25,136,0.4,1,1,0
25,137,0.6231,1,0,0
25,139,0.5448,1,0,0
25,140,0.7791,2,1,0
25,141,0.6405,1,0,0
25,142,0.55,1,0,0
25,143,0.55,1,1,0
25,145,0.7,3,0,0
25,146,0.7,3,1,1
25,147,0.7956,3,1,0
25,148,0.55,1,0,0
25,149,0.55,1,0,0
25,150,0.4,1,0,0
26,1,0.625,2,0,0
26,2,0.4883,2,0,0
26,3,0.625,2,0,0
26,4,0.625,1,1,0
26,5,0.475,2,0,0
26,6,0.475,2,0,0
26,8,0.475,2,0,0
26,9,0.4195,1,1,0
26,14,0.625,1,0,0
26,15,0.5831,1,0,0
26,17,0.475,1,0,0
26,19,0.5229,1,0,0
26,21,0.475,2,0,0
26,23,0.6551,2,0,0
26,24,0.5072,2,0,0
26,25,0.625,2,0,0
26,29,0.625,1,0,0
26,32,0.475,2,0,0
26,33,0.447,1,0,0
26,34,0.475,2,0,0
26,36,0.4823,2,0,0
26,38,0.695,2,0,0
26,39,0.475,1,0,0
26,41,0.6733,1,0,0
26,42,0.401,2,0,0
26,43,0.475,2,0,0
26,44,0.5983,1,0,0
26,45,0.4694,1,0,0
26,46,0.4345,2,0,0
26,47,0.505,1,0,0
26,48,0.475,1,0,0
26,49,0.6282,2,1,0
26,51,0.475,2,0,0
26,52,0.475,2,0,0
26,54,0.625,1,1,0
26,56,0.475,1,0,0
26,60,0.475,1,0,0
26,61,0.475,2,0,0
26,62,0.625,2,0,0
26,63,0.475,1,0,0
26,64,0.4532,1,1,0
26,65,0.4096,1,0,0
26,66,0.625,1,0,0
26,68,0.625,1,0,0
26,70,0.7051,2,1,1
26,71,0.5864,1,1,0
26,72,0.5773,2,1,0
26,78,0.625,1,0,0
26,80,0.6608,1,0,0
26,81,0.4717,1,0,0
26,82,0.475,2,0,0
26,83,0.625,2,0,0
26,85,0.475,2,0,0
26,87,0.5191,1,0,0
26,88,0.625,1,0,0
26,89,0.646,1,0,0
26,90,0.475,2,1,0
26,91,0.475,1,1,0
26,92,0.625,1,0,0
26,94,0.475,2,1,0
26,95,0.475,1,0,0
26,97,0.625,1,0,0
26,98,0.6421,1,1,0
26,99,0.6789,1,0,0
26,100,0.625,2,0,0
26,102,0.556,2,0,0
26,105,0.625,2,0,0
26,107,0.566,2,0,0
26,108,0.475,1,0,0
26,109,0.4347,2,0,0
26,110,0.475,1,0,0
26,112,0.475,2,0,0
26,113,0.475,1,0,0
26,114,0.625,1,1,0
26,115,0.7242,3,1,1
26,116,0.4534,2,0,0
26,117,0.6435,1,0,0
26,118,0.625,1,1,0
26,120,0.475,1,0,0
26,123,0.625,1,0,0
26,126,0.625,1,0,0
26,129,0.625,2,0,0
26,130,0.625,1,0,0
26,131,0.4104,1,1,0
26,132,0.475,1,0,0
26,134,0.475,1,0,0
26,135,0.6999,1,0,0
26,136,0.475,1,1,0
26,137,0.6946,1,0,0
26,140,0.6368,2,0,0
26,141,0.595,1,0,0
26,142,0.625,2,0,0
26,143,0.625,2,1,0
26,145,0.625,2,1,0
26,146,0.625,2,0,0
26,147,0.6674,1,0,0
26,148,0.625,2,0,0
26,149,0.625,1,1,0
26,150,0.475,1,1,0
27,2,0.4542,1,0,0
27,7,0.425,1,0,0
27,9,0.4772,1,0,0
27,10,0.679,2,0,0
27,11,0.5129,1,1,0
27,12,0.5204,1,0,0
27,15,0.4727,1,0,0
27,16,0.475,1,0,0
27,18,0.4958,1,0,0
27,19,0.4427,1,0,0
27,20,0.6569,1,1,0
27,22,0.475,1,0,0
27,23,0.4486,2,0,0
27,24,0.498,1,1,0
27,26,0.475,1,0,0
27,28,0.7419,3,0,0
27,30,0.425,1,0,0
27,31,0.475,1,0,0
27,33,0.468,1,0,0
27,35,0.555,1,0,0
27,36,0.4562,1,0,0
27,38,0.4353,2,1,0
27,40,0.5126,2,1,0
27,41,0.4425,2,0,0
27,42,0.4834,1,0,0
27,45,0.405,2,0,0
27,47,0.5289,2,0,0
27,49,0.405,2,0,0
27,55,0.6973,1,0,0
27,57,0.5767,1,0,0
27,58,0.425,1,0,0
27,59,0.555,1,0,0
27,65,0.4805,1,0,0
27,67,0.425,1,0,0
27,69,0.425,2,0,0
27,70,0.4186,1,0,0
27,71,0.4716,1,0,0
27,72,0.4746,1,0,0
27,73,0.425,1,0,0
27,75,0.6166,2,0,0
27,76,0.6057,1,1,0
27,77,0.555,1,0,0
27,79,0.5048,1,0,0
27,80,0.4467,2,0,0
27,81,0.4598,1,1,0
27,84,0.425,2,0,0
27,86,0.475,1,1,0
27,87,0.405,2,0,0
27,89,0.4517,1,0,0
27,93,0.5198,1,0,0
27,96,0.7435,2,1,1
27,98,0.405,1,0,0
27,99,0.4407,2,0,0
27,101,0.475,1,0,0
27,102,0.4189,1,0,0
27,103,0.5321,2,0,0
27,104,0.475,2,0,0
27,106,0.475,1,0,0
27,107,0.4223,1,1,0
27,111,0.425,1,0,0
27,115,0.4255,1,0,0
27,117,0.405,2,0,0
27,119,0.5387,2,0,0
27,122,0.475,1,0,0
27,125,0.7868,3,1,1
27,128,0.7597,3,1,0
27,131,0.4803,1,0,0
27,135,0.4336,1,0,0
27,137,0.4354,1,0,0
27,138,0.7757,4,1,1
27,139,0.4888,1,0,0
27,140,0.4547,2,0,0
27,144,0.5885,1,0,0
27,147,0.4445,2,1,0
28,2,0.587,2,0,0
28,9,0.5813,1,0,0
28,10,0.6559,1,0,0
28,11,0.4448,1,0,0
28,12,0.4768,2,0,0
28,15,0.4923,1,0,0
28,16,0.5,1,0,0
28,18,0.4862,1,0,0
28,19,0.585,1,1,0
28,20,0.6095,1,0,0
28,22,0.4,1,0,0
28,23,0.6494,2,0,0
28,24,0.4809,1,0,0
28,26,0.45,2,0,0
28,28,0.783,4,1,0
28,31,0.4,1,0,0
28,33,0.5536,2,0,0
28,35,0.53,1,0,0
28,36,0.5821,1,0,0
28,38,0.5672,1,0,0
28,40,0.5455,1,0,0
28,41,0.5847,2,0,0
28,42,0.5663,1,0,0
28,47,0.4562,2,1,0
28,55,0.5,1,1,0
28,59,0.58,1,0,0
28,65,0.4733,1,1,0
28,70,0.4768,2,0,0
28,71,0.5449,1,0,0
28,72,0.5376,1,0,0
28,77,0.53,1,0,0
28,79,0.5144,1,1,0
28,80,0.5948,2,0,0
28,81,0.5236,1,0,0
28,86,0.45,2,0,0
28,89,0.5932,2,0,0
28,93,0.4282,1,0,0
28,96,0.4,1,0,0
28,99,0.5301,1,1,0
28,101,0.45,2,0,0
28,102,0.5775,1,1,0
28,104,0.45,2,0,0
28,106,0.55,1,0,0
28,107,0.4856,1,0,0
28,115,0.5435,1,0,0
28,117,0.43,2,0,0
28,122,0.5,1,1,0
28,125,0.658,2,0,0
28,128,0.5,1,1,0
28,131,0.5239,1,0,0
28,135,0.5132,2,0,0
28,137,0.5174,1,0,0
28,138,0.6851,2,0,0
28,139,0.5532,2,0,0
28,140,0.6358,1,0,0
28,144,0.725,3,1,0
28,147,0.5894,1,0,0
29,2,0.5298,1,0,0
29,9,0.5346,2,0,0
29,10,0.55,1,0,0
29,16,0.475,1,0,0
29,18,0.4026,2,1,0
29,19,0.4902,2,0,0
29,20,0.4439,1,0,0
29,22,0.4,1,0,0
29,23,0.547,1,0,0
29,26,0.4,2,0,0
29,28,0.8677,3,0,0
29,30,0.425,1,0,0
29,31,0.4,1,1,0
29,33,0.4876,1,1,0
29,35,0.555,2,1,0
29,36,0.5237,2,1,0
29,38,0.5127,2,0,0
29,40,0.4262,1,0,0
29,41,0.4906,2,0,0
29,42,0.5156,2,0,0
29,49,0.405,1,1,0
29,55,0.475,2,0,0
29,59,0.555,1,0,0
29,70,0.5363,2,0,0
29,71,0.4018,1,0,0
29,72,0.4675,2,0,0
29,73,0.425,1,0,0
29,77,0.48,1,0,0
29,80,0.5528,1,0,0
29,81,0.4379,1,0,0
29,86,0.475,1,0,0
29,89,0.4627,2,0,0
29,96,0.4,1,0,0
29,99,0.4963,1,0,0
29,101,0.4,1,0,0
29,102,0.6122,1,1,0
29,104,0.4,1,0,0
29,106,0.4,1,1,0
29,107,0.5474,1,0,0
29,115,0.6176,2,0,0
29,117,0.405,2,0,0
29,122,0.475,1,1,0
29,125,0.6552,1,0,0
29,128,0.55,1,0,0
29,135,0.5178,1,0,0
29,137,0.5124,1,0,0
29,138,0.7643,2,1,1
29,139,0.4241,2,0,0
29,140,0.5283,1,0,0
29,144,0.7278,2,1,1
29,147,0.4846,1,0,0
30,1,0.7,1,1,1
30,3,0.55,1,0,0
30,4,0.55,2,0,0
30,5,0.55,1,0,0
30,6,0.4,1,0,0
30,8,0.55,2,0,0
30,12,0.43,1,0,0
30,13,0.4,1,0,0
30,14,0.55,2,0,0
30,17,0.55,1,0,0
30,19,0.4902,1,0,0
30,21,0.4,2,0,0
30,23,0.617,1,1,0
30,25,0.55,1,0,0
30,27,0.4,2,0,0
30,29,0.55,1,0,0
30,32,0.55,2,0,0
30,34,0.4,1,1,0
30,38,0.669,1,0,0
30,39,0.55,2,0,0
30,40,0.43,2,0,0
30,41,0.6407,2,0,0
30,43,0.4,1,0,0
30,44,0.5763,1,0,0
30,45,0.4539,1,0,0
30,46,0.5583,2,0,0
30,47,0.58,2,1,0
30,48,0.55,1,0,0
30,49,0.6153,1,0,0
30,51,0.55,2,0,0
30,52,0.4,1,1,0
30,53,0.4,2,0,0
30,54,0.55,2,1,0
30,56,0.55,2,0,0
30,58,0.4,1,1,0
30,59,0.4554,1,0,0
30,60,0.4,1,0,0
30,61,0.55,2,0,0
30,62,0.7,4,1,1
30,63,0.4,1,0,0
30,64,0.4328,1,0,0
30,66,0.55,1,0,0
30,68,0.55,1,0,0
30,70,0.5842,1,0,0
30,71,0.5272,1,0,0
30,73,0.4,1,1,0
30,77,0.4542,1,0,0
30,78,0.55,2,1,0
30,79,0.43,2,0,0
30,80,0.4745,2,1,0
30,82,0.55,2,0,0
30,83,0.55,2,0,0
30,85,0.4,1,0,0
30,87,0.4813,2,1,0
30,88,0.7,2,1,0
30,89,0.6051,2,0,0
30,90,0.55,1,1,0
30,91,0.55,2,0,0
30,92,0.7,1,1,1
30,93,0.43,1,0,0
30,94,0.55,1,0,0
30,95,0.4,2,0,0
30,97,0.7,3,1,1
30,98,0.6335,2,1,0
30,99,0.4981,1,0,0
30,100,0.55,2,0,0
30,102,0.5831,1,0,0
30,105,0.7,2,1,0
30,107,0.42,1,0,0
30,108,0.4,2,0,0
30,109,0.5585,2,1,0
30,110,0.4,1,0,0
30,112,0.55,1,0,0
30,113,0.4,2,0,0
30,114,0.55,2,0,0
30,115,0.5573,1,0,0
30,116,0.4329,2,0,0
30,117,0.7854,3,1,0
30,118,0.7,2,1,0
30,120,0.55,1,0,0
30,121,0.43,1,0,0
30,123,0.7,3,1,0
30,126,0.7,2,1,0
30,127,0.4,2,0,0
30,129,0.7,4,1,1
30,130,0.55,2,0,0
30,132,0.55,1,0,0
30,134,0.4,2,1,0
30,135,0.5255,1,0,0
30,136,0.4,1,0,0
30,137,0.5186,1,1,0
30,140,0.5931,1,0,0
30,141,0.7219,3,1,1
30,142,0.55,1,0,0
30,143,0.55,2,0,0
30,145,0.7,4,1,1
30,146,0.7,3,0,0
30,147,0.6331,1,1,0
30,148,0.55,1,0,0
30,149,0.55,1,0,0
30,150,0.4,2,0,0
31,9,0.4678,2,0,0
31,10,0.7413,2,1,0
31,11,0.4263,1,0,0
31,12,0.5083,2,0,0
31,16,0.475,2,0,0
31,18,0.4103,1,0,0
31,19,0.4354,2,0,0
31,20,0.6456,2,0,0
31,22,0.4,1,0,0
31,23,0.441,1,0,0
31,24,0.4123,1,1,0
31,26,0.475,2,0,0
31,28,0.7346,2,1,1
31,31,0.4,1,0,0
31,35,0.48,2,1,0
31,38,0.4285,1,1,0
31,40,0.576,2,0,0
31,41,0.4353,1,0,0
31,42,0.4736,2,1,0
31,47,0.5163,1,0,0
31,55,0.7207,1,1,1
31,57,0.4861,1,0,0
31,58,0.425,1,0,0
31,59,0.555,1,0,0
31,71,0.4625,1,0,0
31,73,0.5,1,0,0
31,75,0.5235,1,0,0
31,76,0.5133,2,1,0
31,77,0.555,2,1,0
31,79,0.4937,1,0,0
31,86,0.4,1,1,0
31,89,0.4438,1,0,0
31,93,0.5077,1,1,0
31,96,0.689,2,0,0
31,101,0.475,1,0,0
31,102,0.4131,1,0,0
31,103,0.4442,1,0,0
31,104,0.475,2,0,0
31,106,0.4,1,0,0
31,117,0.405,2,0,0
31,119,0.4505,1,0,0
31,122,0.475,2,0,0
31,125,0.7768,2,1,0
31,128,0.7708,2,1,0
31,131,0.4706,1,0,0
31,138,0.6913,2,0,0
31,139,0.4787,1,0,0
31,140,0.4467,1,0,0
31,144,0.5065,2,0,0
31,147,0.4371,1,0,0
32,2,0.753,2,0,0
32,5,0.4,2,0,0
32,6,0.4,1,0,0
32,9,0.5302,2,0,0
32,10,0.7915,2,0,0
32,11,0.8225,4,1,0
32,12,0.8813,4,1,0
32,15,0.5749,2,0,0
32,17,0.45,2,0,0
32,18,0.8023,3,0,0
32,19,0.4393,1,0,0
32,20,0.6653,1,0,0
32,23,0.6464,1,0,0
32,24,0.6549,2,1,0
32,28,0.4884,1,1,0
32,32,0.45,1,0,0
32,33,0.7694,1,1,1
32,36,0.7554,1,1,0
32,38,0.5806,2,0,0
32,39,0.45,2,0,0
32,40,0.9222,2,1,0
32,41,0.5892,1,0,0
32,42,0.8376,2,0,0
32,44,0.45,2,1,0
32,46,0.65,2,0,0
32,47,0.7414,2,0,0
32,48,0.4,1,0,0
32,49,0.53,1,1,0
32,51,0.4,1,0,0
32,55,0.58,1,0,0
32,56,0.45,1,0,0
32,57,0.898,3,0,0
32,59,0.43,1,1,0
32,61,0.4,1,1,0
32,64,0.6,2,0,0
32,65,0.7342,2,1,0
32,70,0.5108,2,0,0
32,71,0.6236,1,0,0
32,72,0.6272,1,0,0
32,75,0.8548,1,1,1
32,76,0.8177,3,1,1
32,77,0.53,1,0,0
32,79,0.8629,4,1,0
32,80,0.5941,1,0,0
32,81,0.7096,2,1,1
32,82,0.4,1,0,0
32,86,0.45,2,1,0
32,87,0.63,2,0,0
32,89,0.6,2,0,0
32,91,0.5,1,0,0
32,93,0.8306,2,1,0
32,94,0.4,1,0,0
32,96,0.48,1,0,0
32,98,0.48,1,1,0
32,99,0.5369,2,0,0
32,102,0.4612,2,0,0
32,103,0.8452,3,1,0
32,107,0.6652,1,0,0
32,112,0.45,1,1,0
32,115,0.569,1,0,0
32,117,0.58,1,0,0
32,119,0.8031,1,0,0
32,120,0.4,1,0,0
32,121,0.6,1,0,0
32,125,0.4916,2,0,0
32,128,0.58,1,0,0
32,131,0.7838,4,1,1
32,132,0.4,2,1,0
32,135,0.5286,2,0,0
32,136,0.4,1,0,0
32,137,0.5307,1,1,0
32,138,0.4784,1,0,0
32,139,0.844,3,0,0
32,140,0.6536,2,0,0
32,141,0.5,2,0,0
32,144,0.4344,1,0,0
32,147,0.5915,2,0,0
33,2,0.6473,1,0,0
33,9,0.5824,1,0,0
33,10,0.9886,1,1,0
33,11,0.7369,1,0,0
33,12,0.7982,2,0,0
33,13,0.4,1,0,0
33,15,0.6254,1,0,0
33,18,0.7108,2,1,0
33,19,0.4796,2,1,0
33,20,0.8776,1,1,0
33,23,0.6887,2,0,0
33,24,0.7142,2,1,1
33,28,0.5284,2,1,0
33,33,0.6683,1,0,0
33,36,0.6503,2,0,0
33,38,0.6184,1,0,0
33,40,0.8364,3,1,0
33,41,0.6294,1,0,0
33,42,0.7418,2,1,0
33,44,0.45,1,0,0
33,46,0.5,1,0,0
33,47,0.7888,3,1,1
33,49,0.53,1,0,0
33,55,0.73,4,0,0
33,57,0.6657,2,0,0
33,59,0.43,2,1,0
33,64,0.45,1,0,0
33,65,0.6374,1,0,0
33,70,0.5429,1,0,0
33,71,0.6738,1,0,0
33,72,0.6784,2,1,0
33,75,0.6049,1,0,0
33,76,0.5715,1,0,0
33,77,0.68,1,0,0
33,79,0.7745,1,0,0
33,80,0.6358,1,1,0
33,81,0.6057,1,0,0
33,86,0.6,1,0,0
33,87,0.48,2,0,0
33,89,0.6433,2,0,0
33,93,0.7473,2,1,1
33,96,0.63,2,0,0
33,98,0.48,2,0,0
33,99,0.5766,2,0,0
33,102,0.4934,1,0,0
33,103,0.7339,2,1,0
33,107,0.5485,2,1,0
33,115,0.6034,2,0,0
33,117,0.58,2,0,0
33,119,0.6737,2,0,0
33,121,0.45,1,0,0
33,125,0.547,2,0,0
33,128,0.73,2,1,1
33,131,0.687,1,0,0
33,135,0.5658,2,0,0
33,137,0.5685,1,0,0
33,138,0.53,1,0,0
33,139,0.7501,2,1,0
33,140,0.698,1,1,0
33,141,0.5,2,1,0
33,144,0.4733,1,0,0
33,147,0.6324,2,0,0
34,2,0.4875,1,1,0
34,9,0.5914,1,1,0
34,10,0.8064,2,1,0
34,11,0.5613,1,0,0
34,12,0.5706,2,0,0
34,15,0.4357,2,0,0
34,16,0.625,2,0,0
34,18,0.5398,1,0,0
34,20,0.6286,1,0,0
34,22,0.55,1,0,0
34,23,0.4804,2,0,0
34,24,0.5426,2,0,0
34,26,0.55,2,0,0
34,28,0.6219,1,0,0
34,31,0.55,2,0,0
34,33,0.5048,1,0,0
34,35,0.705,4,1,0
34,36,0.49,1,0,0
34,37,0.425,1,0,0
34,40,0.6359,1,0,0
34,42,0.5991,2,0,0
34,47,0.5813,1,0,0
34,49,0.405,1,0,0
34,53,0.425,2,0,0
34,55,0.6001,2,0,0
34,57,0.6085,1,0,0
34,59,0.705,4,0,0
34,65,0.4455,2,0,0
34,71,0.4343,2,0,0
34,72,0.5131,1,0,0
34,75,0.5584,1,0,0
34,76,0.4971,2,0,0
34,77,0.48,2,0,0
34,79,0.5511,1,0,0
34,80,0.478,1,0,0
34,81,0.4194,2,1,0
34,86,0.475,1,0,0
34,89,0.4092,1,0,0
34,93,0.4949,1,1,0
34,96,0.5832,2,0,0
34,101,0.55,2,0,0
34,102,0.4431,1,0,0
34,103,0.5853,1,1,0
34,104,0.55,2,1,0
34,106,0.4,2,1,0
34,115,0.4514,1,0,0
34,117,0.405,2,0,0
34,119,0.5187,2,0,0
34,122,0.625,1,0,0
34,125,0.6034,1,0,0
34,127,0.425,2,0,0
34,128,0.7536,2,1,1
34,131,0.4452,1,0,0
34,138,0.6644,2,0,0
34,139,0.5309,1,1,0
34,140,0.4881,1,0,0
34,144,0.7678,3,1,0
34,147,0.4002,2,0,0
35,1,0.625,1,0,0
35,2,0.5512,1,1,0
35,3,0.55,1,0,0
35,4,0.55,2,0,0
35,5,0.475,1,0,0
35,6,0.475,1,0,0
35,8,0.475,2,1,0
35,9,0.5497,1,0,0
35,12,0.43,1,0,0
35,14,0.55,1,1,0
35,15,0.6344,1,0,0
35,17,0.55,1,0,0
35,18,0.5099,1,1,0
35,19,0.5265,1,1,0
35,21,0.4,1,0,0
35,23,0.7642,1,1,1
35,24,0.6552,1,0,0
35,25,0.55,2,0,0
35,28,0.4497,1,0,0
35,29,0.55,1,0,0
35,32,0.55,2,1,0
35,33,0.5694,1,0,0
35,34,0.4,2,1,0
35,36,0.5555,1,0,0
35,38,0.6607,1,0,0
35,39,0.55,1,0,0
35,40,0.43,2,1,0
35,41,0.6762,1,0,0
35,42,0.5365,1,1,0
35,43,0.475,1,0,0
35,44,0.5488,2,0,0
35,46,0.4639,2,1,0
35,47,0.58,1,0,0
35,48,0.475,1,0,0
35,49,0.5701,1,0,0
35,51,0.475,2,0,0
35,52,0.4,2,0,0
35,53,0.4,2,0,0
35,54,0.625,1,0,0
35,56,0.55,2,0,0
35,60,0.4,2,0,0
35,61,0.475,2,0,0
35,62,0.625,2,0,0
35,63,0.4,1,0,0
35,65,0.4676,2,0,0
35,66,0.55,2,0,0
35,68,0.55,1,0,0
35,70,0.5501,1,0,0
35,71,0.7117,1,1,1
35,72,0.7053,3,1,0
35,78,0.55,1,0,0
35,79,0.43,2,0,0
35,80,0.6851,2,0,0
35,81,0.488,1,0,0
35,82,0.475,1,0,0
35,83,0.625,1,0,0
35,85,0.475,1,1,0
35,88,0.7,2,0,0
35,89,0.6956,1,0,0
35,90,0.475,1,0,0
35,91,0.55,1,0,0
35,92,0.625,1,0,0
35,94,0.475,1,0,0
35,95,0.4,1,0,0
35,97,0.625,1,0,0
35,98,0.5051,1,0,0
35,99,0.5972,2,0,0
35,100,0.625,2,0,0
35,102,0.5507,1,0,0
35,105,0.625,2,0,0
35,107,0.4078,2,1,0
35,108,0.4,1,1,0
35,110,0.4,2,0,0
35,112,0.55,1,0,0
35,113,0.4,2,0,0
35,114,0.625,1,0,0
35,115,0.6398,1,0,0
35,117,0.6561,1,1,0
35,118,0.7,2,1,0
35,120,0.475,1,1,0
35,123,0.625,1,0,0
35,126,0.7,3,1,1
35,127,0.4,1,0,0
35,129,0.625,1,0,0
35,130,0.55,1,0,0
35,131,0.5432,2,0,0
35,132,0.475,2,0,0
35,134,0.4,2,0,0
35,135,0.5822,1,0,0
35,136,0.475,1,1,0
35,137,0.5859,2,0,0
35,138,0.403,2,0,0
35,139,0.5999,1,0,0
35,140,0.7772,3,1,0
35,141,0.6214,1,0,0
35,142,0.625,1,0,0
35,143,0.55,1,1,0
35,145,0.625,2,0,0
35,146,0.7,2,1,0
35,147,0.6804,2,1,0
35,148,0.55,2,0,0
35,149,0.625,1,1,0
35,150,0.4,1,1,0
36,2,0.8706,3,1,1
36,5,0.425,1,0,0
36,6,0.425,1,0,0
36,9,0.6142,1,0,0
36,10,0.7624,3,1,0
36,11,0.8679,1,0,0
36,12,0.9287,2,0,0
36,15,0.6806,2,0,0
36,16,0.4,2,0,0
36,17,0.5,2,1,0
36,18,0.9004,3,0,0
36,19,0.5486,1,0,0
36,20,0.7295,3,0,0
36,23,0.7849,2,1,0
36,24,0.7462,2,0,0
36,28,0.622,1,0,0
36,32,0.5,1,1,0
36,33,0.8968,1,0,0
36,35,0.405,2,0,0
36,36,0.8744,1,0,0
36,38,0.6846,2,0,0
36,39,0.5,2,0,0
36,40,0.9435,1,1,0
36,41,0.6984,2,0,0
36,42,0.924,4,1,0
36,44,0.475,2,0,0
36,46,0.7,1,1,0
36,47,0.7626,3,1,1
36,48,0.425,2,0,0
36,49,0.555,2,0,0
36,51,0.425,1,0,0
36,55,0.63,1,0,0
36,56,0.5,2,0,0
36,57,0.7467,3,1,1
36,59,0.48,2,1,0
36,61,0.425,1,0,0
36,64,0.55,1,1,0
36,65,0.8455,2,0,0
36,70,0.5779,2,0,0
36,71,0.7535,2,1,1
36,72,0.7593,3,1,0
36,75,0.671,2,0,0
36,76,0.6166,2,0,0
36,77,0.555,1,0,0
36,79,0.9583,1,1,0
36,80,0.7063,2,0,0
36,81,0.8061,1,1,0
36,82,0.425,2,1,0
36,86,0.475,1,0,0
36,87,0.63,2,0,0
36,89,0.7157,3,0,0
36,91,0.5,2,0,0
36,93,0.8549,2,1,1
36,94,0.425,1,1,0
36,96,0.48,1,1,0
36,98,0.48,1,0,0
36,99,0.6198,1,0,0
36,102,0.5784,2,0,0
36,103,0.8316,1,1,0
36,107,0.7348,3,1,1
36,112,0.5,2,0,0
36,115,0.666,1,1,0
36,117,0.63,1,0,0
36,119,0.7439,4,0,0
36,120,0.425,1,0,0
36,121,0.625,1,0,0
36,122,0.4,1,0,0
36,125,0.6175,2,1,0
36,128,0.555,2,1,0
36,131,0.92,2,1,0
36,132,0.425,2,1,0
36,135,0.6064,1,0,0
36,136,0.425,1,0,0
36,137,0.6098,2,0,0
36,138,0.6113,1,0,0
36,139,0.9887,2,1,0
36,140,0.7965,2,1,1
36,141,0.55,2,0,0
36,144,0.5408,1,1,0
36,147,0.7021,4,1,0
37,1,0.475,2,0,0
37,2,0.5001,2,0,0
37,3,0.4,2,0,0
37,4,0.4,1,1,0
37,5,0.475,1,0,0
37,6,0.475,1,0,0
37,8,0.625,1,1,0
37,9,0.5835,1,1,0
37,12,0.43,1,0,0
37,14,0.4,2,0,0
37,17,0.55,2,0,0
37,19,0.6837,2,0,0
37,21,0.4,1,0,0
37,23,0.5914,1,0,0
37,25,0.4,1,1,0
37,28,0.4611,1,0,0
37,29,0.4,1,0,0
37,32,0.55,2,0,0
37,33,0.4601,2,1,0
37,34,0.4,1,1,0
37,36,0.4943,2,0,0
37,38,0.5551,1,1,0
37,39,0.55,1,0,0
37,40,0.43,2,0,0
37,41,0.5341,2,0,0
37,42,0.4155,1,0,0
37,43,0.625,2,0,0
37,44,0.443,1,0,0
37,45,0.5385,1,0,0
37,46,0.5046,1,1,0
37,47,0.43,2,0,0
37,48,0.475,1,0,0
37,49,0.472,1,1,0
37,51,0.475,1,1,0
37,52,0.55,1,1,0
37,53,0.4,2,0,0
37,54,0.475,1,0,0
37,56,0.55,1,0,0
37,60,0.4,2,0,0
37,61,0.475,1,0,0
37,62,0.475,1,0,0
37,63,0.4,2,0,0
37,66,0.4,2,0,0
37,68,0.4,1,1,0
37,70,0.4715,1,0,0
37,71,0.4498,1,0,0
37,72,0.441,1,0,0
37,78,0.4,1,0,0
37,79,0.43,1,0,0
37,80,0.522,2,1,0
37,81,0.4091,1,1,0
37,82,0.475,1,0,0
37,83,0.475,2,0,0
37,85,0.625,1,1,0
37,87,0.4366,1,0,0
37,88,0.55,2,0,0
37,89,0.5076,1,1,0
37,90,0.625,2,0,0
37,91,0.55,2,0,0
37,92,0.475,2,0,0
37,94,0.475,1,0,0
37,95,0.4,1,0,0
37,97,0.475,2,0,0
37,98,0.4105,2,0,0
37,99,0.4645,1,0,0
37,100,0.475,2,0,0
37,102,0.7724,4,1,1
37,105,0.475,1,1,0
37,107,0.4821,2,0,0
37,108,0.4,1,0,0
37,109,0.5798,1,1,0
37,110,0.4,2,1,0
37,112,0.55,1,1,0
37,113,0.4,1,1,0
37,114,0.475,2,0,0
37,115,0.5665,2,0,0
37,116,0.5229,1,0,0
37,117,0.5619,2,0,0
37,118,0.55,1,0,0
37,120,0.475,2,0,0
37,123,0.475,1,0,0
37,126,0.55,1,0,0
37,127,0.4,1,1,0
37,129,0.475,1,0,0
37,130,0.4,2,0,0
37,131,0.4247,1,1,0
37,132,0.475,1,0,0
37,134,0.55,1,0,0
37,135,0.4849,1,0,0
37,136,0.475,1,0,0
37,137,0.4798,1,1,0
37,139,0.4749,1,0,0
37,140,0.5737,1,0,0
37,141,0.5147,2,0,0
37,142,0.475,1,1,0
37,143,0.4,1,0,0
37,145,0.475,2,1,0
37,146,0.55,2,0,0
37,147,0.5284,2,0,0
37,148,0.4,1,1,0
37,149,0.475,1,0,0
37,150,0.4,1,0,0
38,2,0.4007,2,0,0
38,9,0.4686,2,1,0
38,10,0.8589,1,1,1
38,11,0.4464,1,0,0
38,12,0.5022,2,0,0
38,13,0.4,1,0,0
38,16,0.5,1,0,0
38,18,0.4331,2,0,0
38,20,0.7417,2,0,0
38,22,0.4,1,0,0
38,23,0.4463,1,0,0
38,24,0.4348,2,0,0
38,26,0.45,1,0,0
38,28,0.591,2,0,0
38,31,0.4,2,0,0
38,33,0.4114,1,0,0
38,35,0.53,1,0,0
38,36,0.4022,2,0,0
38,40,0.5462,1,0,0
38,42,0.4734,2,0,0
38,47,0.5088,1,0,0
38,55,0.9443,2,1,1
38,57,0.4961,1,0,0
38,59,0.58,1,0,0
38,71,0.4142,2,0,0
38,72,0.4166,1,0,0
38,75,0.5271,1,0,0
38,76,0.4687,1,1,0
38,77,0.68,1,0,0
38,79,0.4901,1,0,0
38,86,0.6,2,0,0
38,93,0.4517,1,0,0
38,96,0.8083,2,1,1
38,101,0.45,2,0,0
38,102,0.4232,1,0,0
38,103,0.4613,1,0,0
38,104,0.45,1,1,0
38,106,0.4,1,0,0
38,117,0.43,1,0,0
38,119,0.4165,1,0,0
38,122,0.5,1,0,0
38,125,0.5761,2,1,0
38,128,0.8956,3,1,1
38,131,0.4209,2,0,0
38,138,0.5674,1,0,0
38,139,0.4776,1,0,0
38,140,0.4511,1,0,0
38,144,0.5385,1,1,0
39,9,0.4027,1,0,0
39,10,0.7546,2,1,0
39,11,0.4385,1,0,0
39,12,0.596,1,0,0
39,16,0.55,1,0,0
39,18,0.4214,1,1,0
39,19,0.518,1,0,0
39,20,0.7324,1,0,0
39,22,0.4,2,0,0
39,23,0.524,2,0,0
39,24,0.4236,2,0,0
39,26,0.55,2,1,0
39,28,0.8172,1,1,1
39,31,0.4,2,0,0
39,35,0.48,2,0,0
39,38,0.5106,1,0,0
39,40,0.5882,1,0,0
39,41,0.5179,1,0,0
39,42,0.4089,1,0,0
39,46,0.4,2,1,0
39,47,0.6045,2,1,0
39,55,0.7711,4,1,0
39,57,0.5025,1,0,0
39,58,0.5,2,0,0
39,59,0.63,1,0,0
39,65,0.406,2,0,0
39,71,0.547,1,0,0
39,72,0.4001,2,0,0
39,73,0.5,1,0,0
39,75,0.5425,2,1,0
39,76,0.5315,2,0,0
39,77,0.63,1,0,0
39,79,0.5804,1,0,0
39,86,0.4,1,0,0
39,89,0.527,2,1,0
39,93,0.5954,2,0,0
39,96,0.6675,1,1,0
39,101,0.55,2,0,0
39,102,0.4942,2,0,0
39,103,0.4577,2,1,0
39,104,0.55,1,1,0
39,106,0.4,1,0,0
39,109,0.4,2,0,0
39,117,0.48,1,0,0
39,119,0.4644,1,0,0
39,121,0.4,1,1,0
39,122,0.55,1,0,0
39,125,0.8623,3,1,1
39,128,0.6838,1,0,0
39,131,0.5557,1,0,0
39,138,0.7011,4,1,0
39,139,0.5643,1,0,0
39,140,0.5301,1,0,0
39,141,0.4,1,0,0
39,144,0.5139,1,0,0
39,147,0.5199,1,1,0
40,2,0.9117,4,1,1
40,5,0.425,1,1,0
40,6,0.425,1,0,0
40,9,0.7374,2,1,1
40,10,0.48,2,0,0
40,11,0.705,3,1,0
40,12,0.78,3,1,1
40,15,0.6724,1,0,0
40,16,0.4,2,0,0
40,17,0.5,1,0,0
40,18,0.846,2,1,1
40,19,0.736,3,0,0
40,20,0.405,1,0,0
40,23,0.8242,4,1,0
40,24,0.6912,1,0,0
40,28,0.6592,1,0,0
40,32,0.5,1,0,0
40,33,0.9077,3,1,1
40,35,0.4772,1,0,0
40,36,0.9161,2,1,1
40,38,0.7197,3,1,0
40,39,0.5,2,0,0
40,40,0.78,2,1,1
40,41,0.7357,2,1,0
40,42,0.8736,2,1,1
40,44,0.6035,2,1,0
40,45,0.5441,1,0,0
40,46,0.8182,3,1,1
40,47,0.63,1,0,0
40,48,0.425,1,1,0
40,49,0.6256,2,0,0
40,51,0.425,1,0,0
40,55,0.4,2,0,0
40,56,0.5,2,0,0
40,57,0.625,1,1,0
40,59,0.545,2,0,0
40,61,0.425,1,0,0
40,64,0.6821,1,0,0
40,65,0.805,3,1,0
40,70,0.6077,1,0,0
40,71,0.7498,3,0,0
40,72,0.7431,1,1,0
40,75,0.625,1,1,0
40,76,0.55,1,1,0
40,77,0.4693,1,0,0
40,79,0.78,3,1,1
40,80,0.745,3,1,0
40,81,0.849,1,1,1
40,82,0.425,1,1,0
40,87,0.7309,3,1,0
40,89,0.7559,2,0,0
40,91,0.5,2,0,0
40,93,0.705,3,1,0
40,94,0.425,2,0,0
40,98,0.5609,2,0,0
40,99,0.6566,2,0,0
40,102,0.7583,1,1,0
40,103,0.705,3,0,0
40,104,0.4253,1,1,0
40,107,0.7657,2,1,1
40,109,0.5934,2,1,0
40,112,0.5,1,0,0
40,115,0.698,2,0,0
40,116,0.5322,2,0,0
40,117,0.712,2,1,0
40,119,0.63,1,1,0
40,120,0.425,1,0,0
40,121,0.705,3,1,0
40,122,0.4,1,0,0
40,125,0.5661,1,0,0
40,131,0.8806,2,1,1
40,132,0.425,2,0,0
40,135,0.641,1,1,0
40,136,0.425,2,0,0
40,137,0.6449,2,0,0
40,138,0.5908,1,0,0
40,139,0.9366,2,1,1
40,140,0.8378,3,0,0
40,141,0.676,1,0,0
40,144,0.5769,2,0,0
40,147,0.7401,2,0,0
41,2,0.4587,1,0,0
41,7,0.425,1,0,0
41,9,0.4825,1,0,0
41,10,0.686,1,0,0
41,11,0.5194,1,0,0
41,12,0.5271,2,0,0
41,15,0.4778,2,0,0
41,16,0.475,1,0,0
41,18,0.5017,1,0,0
41,19,0.4467,1,1,0
41,20,0.6631,1,1,0
41,22,0.475,2,0,0
41,23,0.4529,2,0,0
41,24,0.504,1,0,0
41,26,0.475,1,0,0
41,28,0.7459,4,1,0
41,30,0.425,2,1,0
41,31,0.475,1,0,0
41,33,0.473,2,0,0
41,35,0.555,1,0,0
41,36,0.4608,2,0,0
41,38,0.4391,1,0,0
41,40,0.5191,1,0,0
41,41,0.4466,1,0,0
41,42,0.4889,1,0,0
41,45,0.405,2,1,0
41,47,0.5359,1,1,0
41,49,0.405,2,0,0
41,55,0.6842,2,0,0
41,57,0.5854,1,0,0
41,58,0.425,1,0,0
41,59,0.555,1,0,0
41,65,0.4859,2,0,0
41,67,0.425,1,0,0
41,69,0.425,1,0,0
41,70,0.4219,2,1,0
41,71,0.4767,1,1,0
41,72,0.4798,1,1,0
41,73,0.425,1,1,0
41,75,0.6234,1,0,0
41,76,0.6154,1,0,0
41,77,0.555,1,0,0
41,79,0.511,1,0,0
41,80,0.4509,1,0,0
41,81,0.4644,2,0,0
41,84,0.425,1,0,0
41,86,0.475,1,0,0
41,87,0.405,1,0,0
41,89,0.456,1,0,0
41,93,0.5265,1,0,0
41,96,0.732,2,0,0
41,98,0.405,1,0,0
41,99,0.4447,2,0,0
41,101,0.475,2,0,0
41,102,0.4222,2,0,0
41,103,0.5392,1,0,0
41,104,0.475,2,1,0
41,106,0.475,2,0,0
41,107,0.4256,1,0,0
41,111,0.425,1,0,0
41,115,0.429,2,0,0
41,117,0.405,1,0,0
41,119,0.5461,1,1,0
41,122,0.475,1,0,0
41,125,0.7924,1,1,0
41,128,0.7488,3,1,1
41,131,0.4856,1,1,0
41,135,0.4374,1,1,0
41,137,0.4392,2,0,0
41,138,0.7809,2,1,1
41,139,0.4945,1,0,0
41,140,0.4592,1,0,0
41,144,0.5925,1,0,0
41,147,0.4486,1,0,0
42,7,0.55,1,0,0
42,10,0.6161,2,0,0
42,12,0.4302,2,0,0
42,13,0.45,1,0,0
42,20,0.5477,2,0,0
42,27,0.45,2,0,0
42,28,0.6413,2,1,0
42,30,0.6,2,1,0
42,37,0.45,2,0,0
42,40,0.4928,1,0,0
42,42,0.4093,1,0,0
42,47,0.4162,1,0,0
42,50,0.4,1,0,0
42,53,0.5,1,0,0
42,58,0.6,1,1,0
42,67,0.55,2,0,0
42,69,0.55,2,0,0
42,73,0.65,2,0,0
42,74,0.4,1,0,0
42,79,0.4444,1,1,0
42,84,0.55,1,0,0
42,91,0.4,1,1,0
42,111,0.55,1,0,0
42,124,0.4,1,0,0
42,125,0.6649,1,0,0
42,127,0.5,1,0,0
42,133,0.4,1,0,0
42,138,0.6466,1,0,0
42,139,0.4182,1,0,0
42,144,0.4359,2,0,0
43,2,0.545,2,0,0
43,9,0.5708,1,0,0
43,10,0.9288,3,1,1
43,11,0.6109,2,0,0
43,12,0.6192,1,0,0
43,15,0.5657,1,0,0
43,18,0.5917,1,0,0
43,20,0.754,2,1,1
43,23,0.5387,2,0,0
43,24,0.5941,2,0,0
43,33,0.5605,1,0,0
43,36,0.5472,1,1,0
43,38,0.5237,1,0,0
43,40,0.7605,2,1,1
43,41,0.5319,1,0,0
43,42,0.7277,3,1,1
43,44,0.4,1,0,0
43,46,0.4,1,0,0
43,47,0.6287,1,0,0
43,49,0.48,1,0,0
43,55,0.63,1,0,0
43,57,0.6824,1,0,0
43,64,0.55,1,1,0
43,65,0.5745,2,0,0
43,70,0.505,2,1,0
43,71,0.5645,1,0,0
43,72,0.5679,1,1,0
43,75,0.6729,2,0,0
43,76,0.6851,1,0,0
43,77,0.63,1,1,0
43,79,0.6017,1,0,0
43,80,0.5365,1,1,0
43,81,0.5512,1,0,0
43,86,0.55,1,0,0
43,87,0.48,1,0,0
43,89,0.5421,1,0,0
43,93,0.6185,2,0,0
43,96,0.63,1,0,0
43,98,0.48,1,1,0
43,99,0.5298,1,1,0
43,103,0.6323,2,0,0
43,107,0.5091,1,0,0
43,115,0.5128,2,0,0
43,117,0.48,1,0,0
43,119,0.6398,2,1,0
43,121,0.4,1,1,0
43,125,0.4315,2,0,0
43,128,0.78,4,1,0
43,131,0.5742,1,0,0
43,135,0.5219,1,0,0
43,137,0.5239,1,0,0
43,138,0.419,2,0,0
43,139,0.5838,2,0,0
43,140,0.5455,2,0,0
43,141,0.4,1,0,0
43,147,0.5341,1,1,0
44,2,0.415,1,0,0
44,9,0.4855,2,0,0
44,10,0.7315,3,1,0
44,11,0.4673,1,0,0
44,12,0.5239,2,0,0
44,16,0.5,1,1,0
44,18,0.4521,1,0,0
44,19,0.4047,1,0,0
44,20,0.6119,2,0,0
44,22,0.4,1,0,0
44,23,0.46,2,0,0
44,24,0.454,1,0,0
44,26,0.45,1,0,0
44,28,0.754,1,1,0
44,30,0.4,2,0,0
44,31,0.4,1,0,0
44,33,0.4273,1,0,0
44,35,0.53,1,0,0
44,36,0.4168,1,0,0
44,40,0.567,1,0,0
44,41,0.4046,1,1,0
44,42,0.491,1,0,0
44,47,0.5315,1,0,0
44,55,0.7638,1,0,0
44,57,0.524,2,0,0
44,58,0.4,2,0,0
44,59,0.58,1,0,0
44,71,0.4305,2,0,0
44,72,0.4332,2,0,0
44,73,0.45,1,0,0
44,75,0.5595,2,1,0
44,76,0.4998,1,0,0
44,77,0.53,1,0,0
44,79,0.5101,1,0,0
44,80,0.4083,1,0,0
44,86,0.45,1,1,0
44,89,0.4127,2,0,0
44,93,0.4734,2,1,0
44,96,0.6951,1,0,0
44,101,0.45,1,0,0
44,102,0.4336,1,0,0
44,103,0.4843,1,1,0
44,104,0.45,1,0,0
44,106,0.4,2,0,0
44,117,0.43,1,1,0
44,119,0.4402,1,0,0
44,122,0.5,2,0,0
44,125,0.744,4,1,0
44,128,0.7806,2,0,0
44,131,0.4382,1,0,0
44,138,0.7341,2,1,0
44,139,0.4958,2,0,0
44,140,0.4655,1,0,0
44,144,0.5511,1,0,0
44,147,0.4064,1,0,0
45,2,0.5754,1,0,0
45,9,0.62,2,0,0
45,10,0.6797,1,0,0
45,11,0.5608,1,1,0
45,12,0.5464,1,0,0
45,15,0.6112,2,1,0
45,16,0.625,2,0,0
45,18,0.594,1,1,0
45,19,0.553,2,1,0
45,20,0.7226,2,0,0
45,22,0.625,1,0,0
45,23,0.5646,1,0,0
45,24,0.5897,1,0,0
45,26,0.625,2,0,0
45,27,0.425,1,1,0
45,28,0.7014,2,1,0
45,31,0.625,1,1,0
45,33,0.6022,2,0,0
45,35,0.705,2,1,0
45,36,0.5793,2,0,0
45,37,0.425,1,0,0
45,38,0.5387,1,0,0
45,40,0.5614,1,0,0
45,41,0.5528,1,0,0
45,42,0.618,2,1,0
45,45,0.405,1,0,0
45,47,0.5299,2,1,0
45,49,0.405,1,0,0
45,50,0.425,1,0,0
45,53,0.425,1,0,0
45,55,0.475,1,0,0
45,57,0.4372,2,0,0
45,59,0.705,4,1,0
45,65,0.6236,1,0,0
45,70,0.5064,1,1,0
45,71,0.6091,1,0,0
45,72,0.6149,1,0,0
45,77,0.555,1,1,0
45,79,0.5765,1,0,0
45,80,0.5608,1,0,0
45,81,0.5862,2,0,0
45,86,0.475,1,0,0
45,87,0.405,2,1,0
45,89,0.5704,1,1,0
45,93,0.5475,1,0,0
45,96,0.475,1,0,0
45,98,0.405,1,1,0
45,99,0.5491,1,0,0
45,101,0.625,1,1,0
45,102,0.507,1,0,0
45,103,0.5238,1,0,0
45,104,0.625,1,0,0
45,106,0.475,2,0,0
45,107,0.5135,1,1,0
45,115,0.5198,1,0,0
45,117,0.405,2,0,0
45,119,0.5108,1,1,0
45,122,0.625,2,0,0
45,124,0.425,2,0,0
45,125,0.7614,2,1,0
45,127,0.425,1,0,0
45,128,0.475,2,0,0
45,131,0.6241,1,0,0
45,133,0.425,1,1,0
45,135,0.5355,1,0,0
45,137,0.5389,1,0,0
45,138,0.767,2,0,0
45,139,0.6076,2,0,0
45,140,0.5764,2,0,0
45,144,0.845,1,0,0
45,147,0.5566,2,0,0
46,2,0.468,2,0,0
46,9,0.4934,1,0,0
46,10,0.9257,2,0,0
46,11,0.533,2,1,0
46,12,0.6162,1,1,0
46,13,0.425,2,1,0
46,15,0.4134,1,0,0
46,16,0.55,2,0,0
46,18,0.514,1,0,0
46,19,0.4552,1,1,0
46,20,0.8262,4,1,1
46,22,0.4,1,0,0
46,23,0.5368,1,0,0
46,24,0.5165,1,1,0
46,26,0.475,1,0,0
46,28,0.6793,2,0,0
46,31,0.4,2,0,0
46,33,0.4833,1,0,0
46,35,0.555,1,0,0
46,36,0.4702,2,0,0
46,38,0.447,2,1,0
46,40,0.6076,2,1,0
46,41,0.4551,1,0,0
46,42,0.5003,2,0,0
46,46,0.4,2,0,0
46,47,0.6256,1,0,0
46,49,0.405,1,0,0
46,55,0.882,1,1,0
46,57,0.6035,2,1,0
46,59,0.63,1,0,0
46,65,0.4221,2,0,0
46,71,0.4872,2,0,0
46,72,0.4906,1,1,0
46,75,0.6024,2,0,0
46,76,0.5394,2,1,0
46,77,0.705,2,1,0
46,79,0.599,2,0,0
46,80,0.4597,2,0,0
46,86,0.625,2,1,0
46,89,0.4651,1,1,0
46,93,0.5405,1,0,0
46,96,0.7832,2,1,0
46,101,0.475,1,1,0
46,102,0.5039,1,0,0
46,103,0.5541,1,0,0
46,104,0.475,1,0,0
46,106,0.4,1,0,0
46,115,0.4362,1,0,0
46,117,0.48,1,0,0
46,119,0.4865,2,1,0
46,122,0.55,1,1,0
46,125,0.6541,1,1,0
46,128,0.8761,2,0,0
46,131,0.4968,1,0,0
46,138,0.6417,2,0,0
46,139,0.5813,1,0,0
46,140,0.5435,1,0,0
46,141,0.4,1,1,0
46,144,0.6006,1,0,0
46,147,0.4572,1,1,0
47,1,0.7,3,1,1
47,2,0.4199,2,0,0
47,3,0.55,2,0,0
47,4,0.55,2,0,0
47,5,0.475,1,0,0
47,6,0.4,1,0,0
47,10,0.6029,1,0,0
47,11,0.4802,2,0,0
47,12,0.5426,2,1,0
47,13,0.475,2,0,0
47,14,0.55,1,1,0
47,15,0.6013,1,0,0
47,17,0.475,2,0,0
47,18,0.4907,1,0,0
47,20,0.5656,1,1,0
47,21,0.4,1,1,0
47,23,0.6353,1,1,0
47,24,0.6444,1,0,0
47,25,0.55,2,0,0
47,29,0.55,2,1,0
47,32,0.475,1,0,0
47,33,0.4434,1,0,0
47,34,0.4,1,0,0
47,36,0.4233,1,1,0
47,38,0.6127,2,0,0
47,39,0.475,2,0,0
47,40,0.6307,2,0,0
47,41,0.625,1,0,0
47,42,0.5445,1,0,0
47,47,0.6781,2,1,0
47,48,0.475,2,0,0
47,49,0.43,2,0,0
47,51,0.475,1,0,0
47,54,0.55,1,0,0
47,56,0.475,1,0,0
47,60,0.4,1,0,0
47,61,0.475,1,0,0
47,62,0.625,1,1,0
47,63,0.4,1,1,0
47,65,0.4646,1,0,0
47,66,0.55,2,0,0
47,68,0.625,1,0,0
47,70,0.5093,1,0,0
47,71,0.6744,2,1,0
47,72,0.6046,2,0,0
47,73,0.4,1,0,0
47,78,0.55,1,0,0
47,79,0.569,1,0,0
47,80,0.5571,2,0,0
47,81,0.4293,2,1,0
47,82,0.475,2,1,0
47,83,0.55,1,0,0
47,88,0.625,1,1,0
47,89,0.6405,1,1,0
47,91,0.55,1,0,0
47,92,0.625,2,0,0
47,93,0.5436,1,0,0
47,94,0.475,1,0,0
47,95,0.4,1,1,0
47,97,0.625,1,1,0
47,98,0.43,1,0,0
47,99,0.5468,2,1,0
47,100,0.55,2,1,0
47,103,0.4477,1,0,0
47,105,0.625,2,0,0
47,108,0.4,2,0,0
47,110,0.4,2,0,0
47,112,0.475,1,0,0
47,113,0.4,1,0,0
47,114,0.55,1,0,0
47,115,0.521,2,0,0
47,117,0.505,1,0,0
47,118,0.625,1,1,0
47,119,0.4364,1,0,0
47,120,0.475,2,0,0
47,123,0.7,3,1,0
47,125,0.4003,1,1,0
47,126,0.625,1,0,0
47,129,0.625,2,0,0
47,130,0.55,2,0,0
47,131,0.5392,2,0,0
47,132,0.475,2,0,0
47,135,0.5349,1,0,0
47,136,0.4,1,0,0
47,137,0.5378,1,0,0
47,139,0.5537,1,0,0
47,140,0.6457,1,0,0
47,141,0.425,1,0,0
47,142,0.625,2,1,0
47,143,0.55,2,1,0
47,145,0.625,1,0,0
47,146,0.625,2,0,0
47,147,0.6283,1,0,0
47,148,0.55,1,0,0
47,149,0.55,1,1,0
47,150,0.4,1,0,0
48,7,0.4,2,0,0
48,10,0.536,1,0,0
48,13,0.4,1,1,0
48,16,0.425,1,0,0
48,27,0.55,1,0,0
48,30,0.475,1,1,0
48,35,0.505,2,0,0
48,37,0.625,1,0,0
48,50,0.55,1,1,0
48,53,0.625,1,1,0
48,55,0.5306,1,0,0
48,58,0.4,2,0,0
48,59,0.505,1,0,0
48,67,0.4,1,0,0
48,69,0.4,1,1,0
48,73,0.475,1,0,0
48,74,0.4,1,0,0
48,84,0.4,2,0,0
48,91,0.4,1,0,0
48,96,0.4978,2,0,0
48,111,0.4,1,0,0
48,122,0.425,1,1,0
48,124,0.55,2,0,0
48,127,0.625,1,0,0
48,128,0.6374,1,0,0
48,133,0.55,1,1,0
48,138,0.4124,1,1,0
48,142,0.4,1,1,0
48,144,0.5285,1,0,0
49,2,0.4475,2,0,0
49,9,0.4693,1,0,0
49,10,0.7434,4,0,0
49,11,0.5032,1,0,0
49,12,0.5852,1,0,0
49,16,0.55,1,0,0
49,18,0.487,2,0,0
49,19,0.4366,1,0,0
49,20,0.6474,1,0,0
49,22,0.4,2,0,0
49,23,0.5172,1,1,0
49,24,0.4891,1,0,0
49,26,0.475,1,1,0
49,28,0.8108,1,1,0
49,30,0.425,1,0,0
49,31,0.4,2,0,0
49,33,0.4606,2,0,0
49,35,0.555,1,1,0
49,36,0.4494,2,0,0
49,38,0.4296,2,0,0
49,40,0.5779,1,0,0
49,41,0.4364,2,0,0
49,42,0.4752,2,0,0
49,46,0.4,1,0,0
49,47,0.5933,2,1,0
49,49,0.405,1,0,0
49,55,0.7919,2,1,0
49,57,0.5637,1,0,0
49,58,0.425,1,0,0
49,59,0.63,1,1,0
49,71,0.464,1,0,0
49,72,0.4669,2,0,0
49,73,0.425,2,0,0
49,75,0.6014,1,0,0
49,76,0.5161,1,0,0
49,77,0.555,2,0,0
49,79,0.5705,1,1,0
49,80,0.4404,2,1,0
49,86,0.475,1,0,0
49,89,0.4451,1,0,0
49,93,0.5097,2,0,0
49,96,0.6857,2,0,0
49,101,0.475,1,0,0
49,102,0.489,2,1,0
49,103,0.5213,2,0,0
49,104,0.475,1,0,0
49,106,0.4,1,0,0
49,115,0.4203,1,0,0
49,117,0.48,1,0,0
49,119,0.4526,1,1,0
49,122,0.55,1,1,0
49,125,0.7784,2,1,1
49,128,0.7739,1,1,1
49,131,0.4722,1,0,0
49,138,0.7678,2,1,1
49,139,0.5553,1,0,0
49,140,0.523,1,0,0
49,141,0.4,2,0,0
49,144,0.5827,1,0,0
49,147,0.4383,1,0,0
50,2,0.575,1,0,0
50,9,0.5311,1,1,0
50,10,0.9762,1,0,0
50,11,0.6545,1,0,0
50,12,0.7395,2,0,0
50,13,0.425,1,0,0
50,15,0.6,1,0,0
50,18,0.6313,1,0,0
50,19,0.4843,1,0,0
50,20,0.8712,3,1,1
50,23,0.6424,1,0,0
50,24,0.6343,2,0,0
50,28,0.4832,2,0,0
50,33,0.5937,1,0,0
50,36,0.5777,2,0,0
50,38,0.6243,2,0,0
50,40,0.8041,2,1,1
50,41,0.6342,1,0,0
50,42,0.6895,1,0,0
50,44,0.4,2,0,0
50,46,0.475,1,0,0
50,47,0.7511,4,1,0
50,49,0.48,1,0,0
50,55,0.705,2,1,1
50,57,0.6592,2,0,0
50,59,0.405,1,0,0
50,64,0.475,2,0,0
50,65,0.6106,2,0,0
50,70,0.5268,1,0,0
50,71,0.6735,2,0,0
50,72,0.6026,1,0,0
50,75,0.6052,1,0,0
50,76,0.62,2,0,0
50,77,0.705,3,1,1
50,79,0.7185,2,1,1
50,80,0.5648,2,0,0
50,81,0.5825,1,0,0
50,86,0.55,2,0,0
50,87,0.48,2,0,0
50,89,0.6465,1,0,0
50,93,0.7387,3,0,0
50,96,0.63,2,0,0
50,98,0.48,1,0,0
50,99,0.5566,1,1,0
50,102,0.4522,1,0,0
50,103,0.6803,2,0,0
50,107,0.5317,1,1,0
50,115,0.5361,1,0,0
50,117,0.555,2,0,0
50,119,0.6894,1,0,0
50,121,0.475,1,0,0
50,125,0.5441,1,0,0
50,128,0.705,3,1,0
50,131,0.6852,1,0,0
50,135,0.5471,1,1,0
50,137,0.5495,1,0,0
50,138,0.454,2,0,0
50,139,0.6968,1,1,0
50,140,0.6507,1,0,0
50,141,0.475,1,0,0
50,144,0.4037,1,0,0
50,147,0.6368,1,0,0
51,2,0.7282,4,1,1
51,8,0.425,1,0,0
51,9,0.9232,2,1,0
51,10,0.48,1,0,0
51,11,0.555,1,0,0
51,12,0.63,1,1,0
51,15,0.6893,1,0,0
51,16,0.4,2,0,0
51,18,0.7403,4,1,0
51,19,0.8555,2,1,1
51,20,0.405,1,0,0
51,23,0.7922,1,1,1
51,24,0.736,4,0,0
51,28,0.6289,1,0,0
51,33,0.7552,4,0,0
51,35,0.4594,2,0,0
51,36,0.7321,2,1,0
51,38,0.6911,1,0,0
51,40,0.63,2,0,0
51,41,0.7053,3,1,1
51,42,0.7647,1,1,1
51,43,0.425,2,0,0
51,44,0.5885,2,0,0
51,45,0.6773,1,0,0
51,46,0.6544,1,1,0
51,47,0.63,2,0,0
51,49,0.608,1,0,0
51,55,0.4,1,0,0
51,57,0.475,1,0,0
51,59,0.5281,1,0,0
51,64,0.5167,2,0,0
51,65,0.6953,1,0,0
51,70,0.5834,2,0,0
51,71,0.7622,2,1,1
51,72,0.7681,2,1,1
51,75,0.475,2,0,0
51,76,0.4,2,0,0
51,77,0.4524,1,0,0
51,79,0.63,2,0,0
51,80,0.7134,2,1,1
51,81,0.664,1,0,0
51,85,0.425,1,0,0
51,87,0.5598,2,0,0
51,89,0.7231,2,1,0
51,90,0.425,1,1,0
51,93,0.555,2,0,0
51,98,0.5421,1,0,0
51,99,0.6266,1,0,0
51,102,0.884,4,1,0
51,103,0.555,1,0,0
51,104,0.4136,2,0,0
51,107,0.5905,2,1,0
51,109,0.7295,2,1,1
51,115,0.6719,1,1,0
51,116,0.6668,2,0,0
51,117,0.6931,1,0,0
51,119,0.48,1,1,0
51,121,0.555,1,0,0
51,122,0.4,1,0,0
51,125,0.608,1,0,0
51,131,0.7708,4,1,1
51,135,0.6128,1,1,0
51,137,0.6163,1,0,0
51,138,0.6201,2,0,0
51,139,0.8291,2,0,0
51,140,0.8041,2,0,0
51,141,0.6613,1,0,0
51,144,0.5474,1,0,0
51,147,0.7091,3,1,1
52,1,0.4,2,0,0
52,2,0.43,2,0,0
52,3,0.4,1,0,0
52,4,0.4,2,0,0
52,5,0.4,1,0,0
52,6,0.55,2,0,0
52,8,0.55,1,0,0
52,9,0.5,2,0,0
52,14,0.4,1,0,0
52,17,0.55,1,0,0
52,19,0.43,1,0,0
52,21,0.4,2,0,0
52,23,0.43,2,0,0
52,25,0.4,1,0,0
52,29,0.4,1,1,0
52,30,0.4,1,0,0
52,32,0.55,1,0,0
52,34,0.4,1,1,0
52,36,0.43,1,0,0
52,37,0.4,1,0,0
52,39,0.55,1,0,0
52,43,0.7,1,1,0
52,44,0.4516,1,0,0
52,46,0.4914,2,1,0
52,48,0.4,1,0,0
52,51,0.4,1,0,0
52,52,0.55,1,0,0
52,53,0.4,1,0,0
52,54,0.55,1,0,0
52,56,0.55,1,0,0
52,60,0.4,2,0,0
52,61,0.4,1,0,0
52,62,0.4,1,0,0
52,63,0.4,2,0,0
52,66,0.4,1,0,0
52,68,0.4,2,1,0
52,78,0.4,1,0,0
52,80,0.43,1,0,0
52,82,0.4,2,1,0
52,83,0.55,1,0,0
52,85,0.7,2,1,1
52,88,0.55,1,0,0
52,90,0.55,2,1,0
52,91,0.55,1,1,0
52,92,0.4,1,0,0
52,94,0.4,1,0,0
52,95,0.4,1,0,0
52,97,0.4,2,0,0
52,100,0.55,1,1,0
52,102,0.5,2,0,0
52,105,0.4,1,0,0
52,108,0.4,1,0,0
52,109,0.4908,2,0,0
52,110,0.4,2,0,0
52,112,0.55,1,0,0
52,113,0.4,1,1,0
52,114,0.55,1,0,0
52,116,0.4371,1,0,0
52,118,0.55,1,0,0
52,120,0.4,1,0,0
52,121,0.4255,1,0,0
52,123,0.4,1,0,0
52,126,0.55,2,0,0
52,127,0.4,2,0,0
52,129,0.4,2,0,0
52,130,0.4,1,0,0
52,132,0.4,2,0,0
52,134,0.55,2,0,0
52,136,0.55,1,0,0
52,140,0.43,1,0,0
52,141,0.4613,1,0,0
52,142,0.55,1,1,0
52,143,0.4,2,0,0
52,145,0.4,2,1,0
52,146,0.55,2,0,0
52,148,0.4,1,0,0
52,149,0.55,1,0,0
52,150,0.4,1,1,0
53,1,0.475,1,0,0
53,2,0.505,2,1,0
53,3,0.475,1,0,0
53,4,0.475,1,0,0
53,5,0.625,1,0,0
53,6,0.625,1,0,0
53,8,0.475,2,0,0
53,11,0.425,1,0,0
53,12,0.425,1,0,0
53,14,0.475,1,0,0
53,17,0.625,1,1,0
53,18,0.425,1,0,0
53,21,0.625,1,0,0
53,25,0.475,2,0,0
53,29,0.475,1,1,0
53,31,0.4052,2,0,0
53,32,0.625,1,0,0
53,33,0.425,2,0,0
53,34,0.625,1,0,0
53,36,0.505,1,0,0
53,39,0.625,1,0,0
53,40,0.425,2,0,0
53,42,0.425,2,1,0
53,43,0.475,2,0,0
53,44,0.5339,1,0,0
53,45,0.4923,1,0,0
53,46,0.7111,3,0,0
53,48,0.625,1,0,0
53,49,0.4751,1,0,0
53,51,0.625,1,0,0
53,52,0.475,1,0,0
53,54,0.475,1,1,0
53,56,0.625,1,1,0
53,57,0.425,1,0,0
53,60,0.625,1,0,0
53,61,0.625,1,0,0
53,62,0.475,2,0,0
53,63,0.625,2,0,0
53,64,0.6742,1,0,0
53,65,0.425,2,0,0
53,66,0.475,2,0,0
53,68,0.475,2,0,0
53,75,0.425,1,0,0
53,76,0.425,1,0,0
53,78,0.475,2,0,0
53,79,0.425,1,1,0
53,81,0.425,1,0,0
53,82,0.625,2,0,0
53,83,0.475,1,1,0
53,85,0.475,1,0,0
53,87,0.5446,1,0,0
53,88,0.475,2,0,0
53,90,0.475,1,0,0
53,91,0.625,1,0,0
53,92,0.475,2,1,0
53,93,0.425,1,0,0
53,94,0.625,1,0,0
53,95,0.625,1,0,0
53,97,0.475,1,1,0
53,98,0.4477,1,0,0
53,100,0.475,1,0,0
53,103,0.425,1,0,0
53,105,0.475,1,0,0
53,106,0.4144,1,1,0
53,107,0.4522,2,0,0
53,108,0.625,2,0,0
53,109,0.5607,2,0,0
53,110,0.625,1,0,0
53,112,0.625,1,1,0
53,113,0.625,2,1,0
53,114,0.475,2,1,0
53,116,0.5239,1,1,0
53,117,0.4448,1,1,0
53,118,0.475,1,0,0
53,119,0.425,2,1,0
53,120,0.625,2,0,0
53,121,0.6813,1,0,0
53,123,0.475,1,0,0
53,126,0.475,1,0,0
53,129,0.475,1,0,0
53,130,0.475,1,0,0
53,131,0.425,2,0,0
53,132,0.625,1,0,0
53,134,0.475,2,0,0
53,136,0.625,2,1,0
53,139,0.425,2,0,0
53,141,0.5405,1,0,0
53,142,0.475,1,0,0
53,143,0.475,1,0,0
53,145,0.475,1,0,0
53,146,0.475,1,0,0
53,148,0.475,2,0,0
53,149,0.475,2,0,0
53,150,0.625,1,0,0
54,1,0.475,1,0,0
54,2,0.505,1,0,0
54,3,0.475,2,0,0
54,4,0.475,2,0,0
54,5,0.625,1,0,0
54,6,0.625,1,0,0
54,8,0.475,2,1,0
54,11,0.425,1,0,0
54,12,0.425,1,0,0
54,14,0.475,1,0,0
54,17,0.625,1,0,0
54,18,0.425,1,1,0
54,21,0.625,1,0,0
54,25,0.475,2,0,0
54,29,0.475,2,0,0
54,32,0.625,1,0,0
54,33,0.425,1,0,0
54,34,0.625,1,0,0
54,36,0.505,1,1,0
54,39,0.625,2,0,0
54,40,0.425,2,0,0
54,42,0.425,2,0,0
54,43,0.475,1,0,0
54,44,0.5038,1,0,0
54,45,0.5317,2,0,0
54,46,0.6356,1,0,0
54,48,0.625,2,0,0
54,49,0.5433,1,0,0
54,51,0.625,2,0,0
54,52,0.475,1,0,0
54,54,0.475,1,1,0
54,56,0.625,2,0,0
54,57,0.425,1,0,0
54,60,0.625,1,0,0
54,61,0.625,2,1,0
54,62,0.475,2,0,0
54,63,0.625,1,0,0
54,64,0.6604,2,0,0
54,65,0.425,1,0,0
54,66,0.475,2,1,0
54,68,0.475,1,1,0
54,70,0.5051,2,0,0
54,75,0.425,2,1,0
54,76,0.425,2,0,0
54,78,0.475,1,0,0
54,79,0.425,1,0,0
54,81,0.425,1,1,0
54,82,0.625,2,0,0
54,83,0.475,2,0,0
54,85,0.475,1,0,0
54,87,0.7027,2,0,0
54,88,0.475,1,0,0
54,90,0.475,1,0,0
54,91,0.625,2,0,0
54,92,0.475,2,0,0
54,93,0.425,1,1,0
54,94,0.625,1,0,0
54,95,0.625,2,0,0
54,97,0.475,1,0,0
54,98,0.5617,1,0,0
54,100,0.475,1,0,0
54,102,0.504,1,1,0
54,103,0.425,1,0,0
54,105,0.475,1,0,0
54,107,0.6407,2,1,0
54,108,0.625,1,0,0
54,109,0.4858,2,0,0
54,110,0.625,2,0,0
54,112,0.625,2,0,0
54,113,0.625,2,0,0
54,114,0.475,1,0,0
54,115,0.4779,1,0,0
54,116,0.5105,2,0,0
54,117,0.5636,1,0,0
54,118,0.475,2,0,0
54,119,0.425,1,0,0
54,120,0.625,2,0,0
54,121,0.5969,1,0,0
54,123,0.475,2,0,0
54,126,0.475,1,0,0
54,129,0.475,1,0,0
54,130,0.475,1,0,0
54,131,0.425,2,0,0
54,132,0.625,1,0,0
54,134,0.475,1,0,0
54,136,0.625,2,0,0
54,139,0.425,1,1,0
54,141,0.4994,2,0,0
54,142,0.475,1,0,0
54,143,0.475,1,0,0
54,145,0.475,1,0,0
54,146,0.475,1,0,0
54,148,0.475,1,0,0
54,149,0.475,1,1,0
54,150,0.625,1,1,0
55,2,0.5429,2,1,0
55,9,0.4933,1,0,0
55,10,0.9255,3,1,1
55,11,0.6078,2,0,0
55,12,0.691,1,0,0
55,13,0.425,2,0,0
55,15,0.5632,1,0,0
55,18,0.5888,2,0,0
55,19,0.4551,1,0,0
55,20,0.826,2,1,0
55,23,0.6117,1,1,0
55,24,0.5913,1,0,0
55,28,0.4542,2,1,0
55,33,0.5581,2,1,0
55,36,0.5451,1,0,0
55,38,0.5969,2,1,0
55,40,0.7574,3,1,0
55,41,0.6049,1,0,0
55,42,0.6501,2,0,0
55,44,0.4,1,0,0
55,46,0.475,2,0,0
55,47,0.7004,2,1,1
55,49,0.48,2,0,0
55,55,0.705,1,1,1
55,57,0.6782,1,0,0
55,59,0.405,2,0,0
55,64,0.475,1,1,0
55,65,0.5719,1,0,0
55,70,0.5035,1,0,0
55,71,0.637,1,0,0
55,72,0.5654,2,0,0
55,75,0.6777,1,0,0
55,76,0.6897,2,1,0
55,77,0.705,3,1,1
55,79,0.6738,1,0,0
55,80,0.5345,1,0,0
55,81,0.549,1,0,0
55,86,0.55,1,0,0
55,87,0.48,1,0,0
55,89,0.615,1,1,0
55,93,0.6903,1,0,0
55,96,0.63,2,0,0
55,98,0.48,1,1,0
55,99,0.5278,2,0,0
55,102,0.4288,2,0,0
55,103,0.6289,1,1,0
55,107,0.5075,1,0,0
55,115,0.5111,1,0,0
55,117,0.555,2,0,0
55,119,0.6363,2,0,0
55,121,0.475,1,0,0
55,125,0.5039,2,0,0
55,128,0.705,3,1,1
55,131,0.6466,1,0,0
55,135,0.5201,1,0,0
55,137,0.522,1,0,0
55,138,0.4165,1,0,0
55,139,0.6561,2,0,0
55,140,0.6184,1,0,0
55,141,0.475,1,0,0
55,147,0.6071,1,1,0
56,2,0.8342,3,1,1
56,9,0.928,4,1,0
56,10,0.48,1,0,0
56,11,0.63,2,0,0
56,12,0.63,1,0,0
56,15,0.6391,1,0,0
56,16,0.4,1,0,0
56,18,0.7325,1,0,0
56,19,0.8376,2,1,1
56,23,0.8479,3,1,1
56,24,0.7271,2,1,0
56,28,0.6855,2,0,0
56,33,0.8005,4,1,1
56,35,0.5677,1,0,0
56,36,0.8293,4,1,1
56,38,0.6695,1,0,0
56,40,0.63,1,1,0
56,41,0.6872,1,0,0
56,42,0.7629,3,1,1
56,43,0.5,1,1,0
56,44,0.6915,1,0,0
56,45,0.7088,2,1,0
56,46,0.6803,2,0,0
56,47,0.63,1,1,0
56,49,0.716,3,1,1
56,55,0.4,1,0,0
56,57,0.55,1,0,0
56,59,0.5597,1,0,0
56,64,0.5456,2,0,0
56,65,0.6199,1,0,0
56,70,0.6288,2,0,0
56,71,0.6418,1,0,0
56,72,0.7844,4,1,1
56,75,0.55,1,0,0
56,76,0.4,2,0,0
56,77,0.409,2,0,0
56,79,0.63,2,0,0
56,80,0.8474,4,1,0
56,81,0.6706,1,1,0
56,85,0.5,1,0,0
56,86,0.4,1,1,0
56,87,0.5993,1,0,0
56,89,0.6905,2,0,0
56,93,0.48,2,0,0
56,98,0.5773,2,0,0
56,99,0.6826,2,0,0
56,102,0.9295,2,0,0
56,103,0.63,2,0,0
56,107,0.6377,2,0,0
56,109,0.6804,1,0,0
56,115,0.7956,1,0,0
56,116,0.6957,2,0,0
56,117,0.7285,2,0,0
56,119,0.48,2,0,0
56,121,0.48,2,0,0
56,122,0.4,1,0,0
56,125,0.4546,1,1,0
56,128,0.4,1,1,0
56,131,0.6206,1,0,0
56,135,0.6655,1,1,0
56,137,0.6698,1,0,0
56,138,0.6318,1,0,0
56,139,0.7497,4,1,1
56,140,0.833,3,0,0
56,141,0.6888,2,0,0
56,144,0.6775,1,0,0
56,147,0.692,2,0,0
57,1,0.425,1,0,0
57,2,0.5643,1,1,0
57,3,0.425,2,1,0
57,4,0.425,1,0,0
57,9,0.475,1,0,0
57,10,0.405,2,0,0
57,11,0.555,2,0,0
57,12,0.555,1,0,0
57,14,0.425,2,0,0
57,15,0.6415,1,0,0
57,18,0.475,1,0,0
57,19,0.61,1,0,0
57,20,0.405,2,0,0
57,23,0.7365,2,1,1
57,24,0.625,1,0,0
57,25,0.425,1,0,0
57,28,0.4633,2,0,0
57,29,0.425,1,0,0
57,31,0.5395,1,0,0
57,33,0.5098,1,0,0
57,35,0.5961,1,0,0
57,36,0.5564,1,0,0
57,38,0.7892,1,1,1
57,40,0.555,1,0,0
57,41,0.7605,2,1,0
57,42,0.475,1,0,0
57,44,0.8539,3,1,0
57,45,0.7318,3,1,1
57,46,0.6856,2,0,0
57,47,0.705,2,0,0
57,49,0.8933,3,1,0
57,54,0.425,1,0,0
57,57,0.475,2,0,0
57,59,0.5833,1,0,0
57,62,0.425,1,0,0
57,64,0.7104,3,1,1
57,65,0.475,2,0,0
57,66,0.425,1,0,0
57,68,0.425,1,0,0
57,70,0.8551,3,1,1
57,71,0.6458,2,0,0
57,72,0.6338,1,1,0
57,75,0.475,1,0,0
57,76,0.475,2,0,0
57,77,0.5821,2,0,0
57,78,0.425,1,0,0
57,79,0.555,1,0,0
57,80,0.7441,1,0,0
57,81,0.5424,1,0,0
57,83,0.425,1,1,0
57,87,0.7527,1,1,0
57,88,0.425,1,0,0
57,89,0.7245,2,1,0
57,92,0.425,1,0,0
57,93,0.555,1,0,0
57,97,0.425,1,0,0
57,98,0.9117,2,1,1
57,99,0.768,4,1,1
57,100,0.425,1,0,0
57,102,0.7039,2,1,0
57,103,0.555,2,0,0
57,104,0.5038,1,0,0
57,105,0.425,2,0,0
57,106,0.5334,2,0,0
57,107,0.6907,1,0,0
57,109,0.6859,1,0,0
57,114,0.425,1,1,0
57,115,0.8278,3,1,1
57,116,0.7105,2,0,0
57,117,0.9136,3,1,1
57,118,0.425,1,0,0
57,119,0.555,1,1,0
57,121,0.555,2,1,0
57,123,0.425,1,0,0
57,126,0.425,2,0,0
57,129,0.425,1,0,0
57,130,0.425,1,0,0
57,131,0.475,1,0,0
57,135,0.7957,1,0,0
57,137,0.7887,2,1,1
57,139,0.475,1,0,0
57,140,0.7124,4,1,0
57,141,0.8494,4,0,0
57,142,0.425,2,0,0
57,143,0.425,1,0,0
57,144,0.4763,2,1,0
57,145,0.425,1,0,0
57,146,0.425,2,0,0
57,147,0.7528,3,0,0
57,148,0.425,1,0,0
57,149,0.425,1,0,0
58,2,0.6484,2,0,0
58,9,0.7092,1,1,1
58,10,0.48,1,0,0
58,11,0.63,1,0,0
58,12,0.63,1,0,0
58,15,0.4268,1,0,0
58,16,0.4,2,0,0
58,18,0.55,1,1,0
58,19,0.6932,1,0,0
58,23,0.6702,1,0,0
58,24,0.55,1,0,0
58,28,0.5465,2,0,0
58,31,0.4607,1,0,0
58,33,0.5948,1,0,0
58,35,0.6663,1,0,0
58,36,0.6406,1,0,0
58,38,0.5719,1,1,0
58,40,0.63,2,0,0
58,41,0.5438,2,1,0
58,42,0.55,2,0,0
58,43,0.5,1,0,0
58,44,0.7748,4,0,0
58,45,0.8022,1,1,1
58,46,0.7569,4,1,0
58,47,0.63,2,0,0
58,49,0.8136,3,0,0
58,55,0.4,1,0,0
58,57,0.55,1,0,0
58,59,0.6537,1,0,0
58,64,0.6312,1,0,0
58,65,0.4,2,0,0
58,70,0.6366,1,0,0
58,71,0.431,2,1,0
58,72,0.5693,2,1,0
58,75,0.55,1,0,0
58,76,0.4,1,0,0
58,77,0.5025,2,1,0
58,79,0.63,2,0,0
58,80,0.6776,1,0,0
58,81,0.4769,1,0,0
58,85,0.5,1,0,0
58,86,0.4,1,0,0
58,87,0.6834,1,0,0
58,89,0.5084,1,0,0
58,93,0.48,1,1,0
58,98,0.6816,1,1,0
58,99,0.5511,1,0,0
58,102,0.9355,2,0,0
58,103,0.63,1,1,0
58,104,0.4256,1,0,0
58,106,0.4547,1,0,0
58,107,0.6225,1,1,0
58,109,0.7571,3,1,1
58,115,0.7599,2,1,0
58,116,0.7814,4,1,1
58,117,0.8335,3,1,0
58,119,0.48,1,0,0
58,121,0.48,2,0,0
58,122,0.4,1,1,0
58,128,0.4,2,0,0
58,131,0.4,1,0,0
58,135,0.5783,1,0,0
58,137,0.5715,2,0,0
58,138,0.4152,1,1,0
58,139,0.55,1,0,0
58,140,0.6465,1,0,0
58,141,0.7705,1,0,0
58,144,0.5593,1,1,0
58,147,0.5362,1,0,0
59,1,0.55,1,0,0
59,2,0.4828,2,0,0
59,3,0.4,2,0,0
59,4,0.4,1,0,0
59,5,0.55,2,0,0
59,6,0.55,1,0,0
59,10,0.5596,2,1,0
59,11,0.5431,2,0,0
59,12,0.5508,1,1,0
59,13,0.4,1,0,0
59,14,0.4,2,0,0
59,17,0.55,1,1,0
59,18,0.5255,1,1,0
59,21,0.55,1,0,0
59,25,0.4,1,0,0
59,29,0.4,2,0,0
59,32,0.55,2,0,0
59,33,0.497,1,0,0
59,34,0.55,1,0,0
59,36,0.4849,1,1,0
59,39,0.55,1,0,0
59,40,0.6928,1,0,0
59,42,0.6628,2,0,0
59,47,0.4095,1,0,0
59,48,0.55,1,1,0
59,51,0.55,1,0,0
59,52,0.4,1,0,0
59,54,0.4,1,0,0
59,56,0.55,1,0,0
59,57,0.6086,2,0,0
59,60,0.55,1,1,0
59,61,0.55,1,1,0
59,62,0.4,2,0,0
59,63,0.55,1,0,0
59,64,0.5,1,0,0
59,65,0.5098,1,0,0
59,66,0.4,1,0,0
59,68,0.55,1,0,0
59,73,0.4,1,0,0
59,75,0.6496,2,0,0
59,76,0.6384,1,0,0
59,78,0.4,1,0,0
59,79,0.5348,2,0,0
59,81,0.4885,2,1,0
59,82,0.55,1,0,0
59,83,0.4,1,0,0
59,87,0.43,2,0,0
59,88,0.4,2,1,0
59,91,0.7,3,1,0
59,92,0.4,2,1,0
59,93,0.5501,1,1,0
59,94,0.55,2,0,0
59,95,0.55,2,1,0
59,97,0.4,1,0,0
59,100,0.4,2,0,0
59,103,0.5627,1,0,0
59,105,0.4,1,0,0
59,107,0.4499,2,0,0
59,108,0.55,2,0,0
59,110,0.55,2,1,0
59,112,0.55,1,0,0
59,113,0.55,1,0,0
59,114,0.4,2,0,0
59,118,0.4,1,0,0
59,119,0.5696,2,0,0
59,120,0.55,1,0,0
59,123,0.55,2,1,0
59,126,0.4,1,0,0
59,128,0.43,1,0,0
59,129,0.4,2,0,0
59,130,0.4,1,0,0
59,131,0.5095,2,1,0
59,132,0.55,1,1,0
59,136,0.55,2,0,0
59,139,0.5183,1,0,0
59,142,0.55,1,0,0
59,143,0.4,1,0,0
59,145,0.4,1,0,0
59,146,0.4,1,1,0
59,148,0.4,1,0,0
59,149,0.4,2,0,0
59,150,0.55,1,0,0
60,2,0.5618,2,0,0
60,9,0.6789,2,0,0
60,10,0.7763,3,0,0
60,11,0.5807,2,0,0
60,12,0.567,2,0,0
60,15,0.5206,2,0,0
60,16,0.475,1,0,0
60,18,0.612,1,1,0
60,19,0.4656,1,1,0
60,20,0.6668,1,0,0
60,22,0.4,1,0,0
60,23,0.5515,1,0,0
60,24,0.608,1,0,0
60,26,0.4,1,0,0
60,28,0.8391,3,1,0
60,30,0.425,1,1,0
60,31,0.4,1,0,0
60,33,0.5871,2,0,0
60,35,0.555,1,0,0
60,36,0.5655,2,0,0
60,38,0.4521,1,0,0
60,40,0.6562,2,1,0
60,41,0.4654,2,0,0
60,42,0.6902,2,0,0
60,47,0.5515,1,0,0
60,49,0.405,1,0,0
60,55,0.475,1,0,0
60,57,0.4638,1,0,0
60,59,0.555,1,0,0
60,65,0.535,1,0,0
60,70,0.4215,1,0,0
60,71,0.5186,2,1,0
60,72,0.5991,2,0,0
60,73,0.425,1,1,0
60,77,0.48,1,1,0
60,79,0.5955,2,0,0
60,80,0.548,1,0,0
60,81,0.4969,1,0,0
60,86,0.475,1,1,0
60,89,0.482,2,0,0
60,93,0.4931,1,0,0
60,96,0.4,1,0,0
60,99,0.4619,1,0,0
60,101,0.4,1,1,0
60,102,0.4971,1,0,0
60,103,0.5457,1,0,0
60,104,0.4,1,0,0
60,106,0.4,1,0,0
60,107,0.4282,2,1,0
60,115,0.5092,1,0,0
60,117,0.405,2,0,0
60,119,0.4584,2,0,0
60,122,0.475,2,0,0
60,125,0.8465,2,1,0
60,128,0.5723,2,0,0
60,131,0.5345,2,0,0
60,135,0.4491,2,0,0
60,137,0.4523,1,0,0
60,138,0.901,2,1,1
60,139,0.6249,2,0,0
60,140,0.5627,1,1,0
60,144,0.683,1,0,0
60,147,0.4689,2,1,0
